state,county,family_1,family_2,family_3,family_4,family_5_plus
Alabama,Autauga County,1593,1871,1972,2199,2234
Alabama,Baldwin County,1713,2012,2120,2364,2402
Alabama,Barbour County,1397,1641,1729,1928,1959
Alabama,Bibb County,1385,1627,1714,1911,1942
Alabama,Blount County,1471,1728,1821,2030,2063
Alabama,Bullock County,1168,1372,1446,1612,1638
Alabama,Butler County,1338,1572,1656,1846,1876
Alabama,Calhoun County,1370,1610,1696,1891,1922
Alabama,Chambers County,1307,1535,1617,1803,1832
Alabama,Cherokee County,1388,1630,1718,1916,1946
Alabama,Chilton County,1420,1668,1758,1960,1992
Alabama,Choctaw County,1310,1538,1621,1807,1837
Alabama,Clarke County,1405,1650,1739,1939,1970
Alabama,Clay County,1332,1565,1649,1839,1868
Alabama,Cleburne County,1420,1668,1758,1960,1992
Alabama,Coffee County,1536,1804,1901,2120,2154
Alabama,Colbert County,1398,1642,1730,1929,1960
Alabama,Conecuh County,1365,1603,1689,1883,1914
Alabama,Coosa County,1275,1498,1578,1759,1788
Alabama,Covington County,1334,1567,1651,1841,1871
Alabama,Crenshaw County,1393,1636,1724,1922,1953
Alabama,Cullman County,1497,1758,1853,2066,2099
Alabama,Dale County,1323,1554,1637,1825,1855
Alabama,Dallas County,1307,1535,1618,1804,1833
Alabama,DeKalb County,1333,1566,1650,1840,1869
Alabama,Elmore County,1559,1832,1930,2152,2187
Alabama,Escambia County,1316,1546,1629,1816,1846
Alabama,Etowah County,1433,1684,1774,1978,2010
Alabama,Fayette County,1361,1599,1685,1879,1909
Alabama,Franklin County,1345,1580,1665,1856,1886
Alabama,Geneva County,1345,1580,1665,1856,1886
Alabama,Greene County,1258,1478,1557,1736,1764
Alabama,Hale County,1326,1557,1641,1830,1859
Alabama,Henry County,1387,1629,1717,1914,1945
Alabama,Houston County,1427,1676,1766,1969,2001
Alabama,Jackson County,1376,1616,1703,1899,1929
Alabama,Jefferson County,1719,2019,2127,2372,2410
Alabama,Lamar County,1295,1521,1603,1787,1816
Alabama,Lauderdale County,1408,1654,1743,1943,1975
Alabama,Lawrence County,1363,1601,1687,1881,1911
Alabama,Lee County,1642,1928,2032,2266,2302
Alabama,Limestone County,1631,1916,2019,2251,2288
Alabama,Lowndes County,1356,1592,1678,1871,1901
Alabama,Macon County,1299,1526,1608,1793,1822
Alabama,Madison County,1669,1961,2066,2304,2341
Alabama,Marengo County,1435,1685,1776,1980,2012
Alabama,Marion County,1283,1507,1588,1771,1799
Alabama,Marshall County,1454,1707,1799,2006,2038
Alabama,Mobile County,1535,1803,1900,2119,2153
Alabama,Monroe County,1256,1475,1554,1733,1761
Alabama,Montgomery County,1504,1766,1861,2075,2109
Alabama,Morgan County,1488,1748,1842,2054,2087
Alabama,Perry County,1320,1551,1634,1822,1851
Alabama,Pickens County,1282,1506,1587,1770,1798
Alabama,Pike County,1457,1711,1803,2010,2043
Alabama,Randolph County,1422,1670,1760,1962,1994
Alabama,Russell County,1494,1755,1849,2062,2095
Alabama,St. Clair County,1631,1915,2018,2250,2286
Alabama,Shelby County,1816,2133,2248,2507,2547
Alabama,Sumter County,1350,1586,1671,1863,1893
Alabama,Talladega County,1387,1629,1717,1914,1945
Alabama,Tallapoosa County,1314,1543,1626,1813,1842
Alabama,Tuscaloosa County,1667,1958,2063,2300,2337
Alabama,Walker County,1395,1639,1727,1926,1957
Alabama,Washington County,1472,1729,1822,2032,2064
Alabama,Wilcox County,1378,1618,1705,1901,1932
Alabama,Winston County,1425,1674,1764,1967,1999
Alaska,Aleutians East Borough,1468,1724,1817,2026,2059
Alaska,Aleutians West Census Area,2316,2720,2866,3196,3247
Alaska,Anchorage Municipality,2355,2766,2915,3250,3303
Alaska,Bethel Census Area,2090,2455,2587,2885,2931
Alaska,Bristol Bay Borough,2344,2753,2901,3235,3287
Alaska,"Chugach Census Area, Alaska",2218,2605,2745,3061,3110
Alaska,"Copper River Census Area, Alaska",1963,2306,2430,2709,2753
Alaska,Denali Borough,2139,2512,2647,2951,2999
Alaska,Dillingham Census Area,2207,2592,2731,3045,3094
Alaska,Fairbanks North Star Borough,2199,2583,2722,3035,3084
Alaska,Haines Borough,1791,2104,2217,2472,2512
Alaska,Hoonah-Angoon Census Area,1636,1922,2025,2258,2294
Alaska,Juneau City and Borough,2334,2741,2888,3220,3272
Alaska,Kenai Peninsula Borough,1953,2294,2417,2695,2738
Alaska,Ketchikan Gateway Borough,2162,2540,2676,2984,3032
Alaska,Kodiak Island Borough,2371,2784,2934,3271,3324
Alaska,Kusilvak Census Area,868,1019,1074,1198,1217
Alaska,Lake and Peninsula Borough,1504,1767,1862,2076,2110
Alaska,Matanuska-Susitna Borough,2113,2482,2615,2916,2963
Alaska,Nome Census Area,2039,2394,2523,2813,2859
Alaska,North Slope Borough,1833,2153,2269,2530,2571
Alaska,Northwest Arctic Borough,1632,1917,2020,2252,2289
Alaska,Petersburg Borough,1669,1960,2065,2302,2340
Alaska,Prince of Wales-Hyder Census Area,1903,2235,2355,2626,2668
Alaska,Sitka City and Borough,2611,3067,3232,3604,3662
Alaska,Skagway Municipality,2309,2712,2858,3187,3238
Alaska,Southeast Fairbanks Census Area,1870,2196,2314,2580,2622
Alaska,Wrangell City and Borough,1694,1989,2096,2337,2375
Alaska,Yakutat City and Borough,1374,1614,1701,1897,1927
Alaska,Yukon-Koyukuk Census Area,1471,1727,1820,2029,2062
Arizona,Apache County,1388,1630,1718,1916,1946
Arizona,Cochise County,1485,1744,1838,2049,2082
Arizona,Coconino County,1980,2326,2451,2733,2777
Arizona,Gila County,1618,1901,2003,2233,2269
Arizona,Graham County,1567,1840,1939,2162,2197
Arizona,Greenlee County,1265,1486,1566,1746,1774
Arizona,La Paz County,1423,1671,1761,1964,1995
Arizona,Maricopa County,1961,2303,2427,2706,2750
Arizona,Mohave County,1533,1800,1897,2115,2149
Arizona,Navajo County,1497,1758,1853,2066,2099
Arizona,Pima County,1743,2047,2157,2405,2444
Arizona,Pinal County,1778,2089,2201,2454,2494
Arizona,Santa Cruz County,1426,1675,1765,1968,2000
Arizona,Yavapai County,1762,2070,2181,2432,2471
Arizona,Yuma County,1470,1726,1819,2028,2061
Arkansas,Arkansas County,1345,1580,1665,1856,1886
Arkansas,Ashley County,1278,1501,1582,1764,1792
Arkansas,Baxter County,1325,1556,1640,1829,1858
Arkansas,Benton County,1802,2116,2230,2486,2527
Arkansas,Boone County,1357,1593,1679,1872,1902
Arkansas,Bradley County,1253,1472,1551,1729,1757
Arkansas,Calhoun County,1227,1442,1519,1694,1721
Arkansas,Carroll County,1483,1741,1835,2046,2079
Arkansas,Chicot County,1190,1398,1473,1642,1669
Arkansas,Clark County,1366,1605,1691,1885,1916
Arkansas,Clay County,1112,1306,1376,1534,1559
Arkansas,Cleburne County,1343,1577,1662,1853,1883
Arkansas,Cleveland County,1366,1605,1691,1885,1916
Arkansas,Columbia County,1398,1642,1730,1929,1960
Arkansas,Conway County,1298,1525,1607,1792,1821
Arkansas,Craighead County,1504,1767,1862,2076,2110
Arkansas,Crawford County,1414,1661,1750,1951,1983
Arkansas,Crittenden County,1435,1685,1776,1980,2012
Arkansas,Cross County,1315,1545,1628,1815,1845
Arkansas,Dallas County,1265,1486,1566,1746,1774
Arkansas,Desha County,1190,1398,1473,1642,1669
Arkansas,Drew County,1295,1521,1603,1787,1816
Arkansas,Faulkner County,1547,1817,1915,2135,2170
Arkansas,Franklin County,1318,1548,1631,1819,1848
Arkansas,Fulton County,1262,1482,1562,1742,1770
Arkansas,Garland County,1428,1677,1767,1970,2002
Arkansas,Grant County,1468,1724,1817,2026,2059
Arkansas,Greene County,1401,1646,1734,1933,1965
Arkansas,Hempstead County,1303,1531,1613,1798,1828
Arkansas,Hot Spring County,1342,1576,1661,1852,1882
Arkansas,Howard County,1325,1556,1640,1829,1858
Arkansas,Independence County,1288,1513,1594,1777,1806
Arkansas,Izard County,1280,1503,1584,1766,1795
Arkansas,Jackson County,1204,1414,1490,1661,1688
Arkansas,Jefferson County,1357,1594,1680,1873,1903
Arkansas,Johnson County,1277,1500,1581,1763,1791
Arkansas,Lafayette County,1159,1362,1435,1600,1626
Arkansas,Lawrence County,1202,1412,1488,1659,1686
Arkansas,Lee County,1155,1357,1430,1594,1620
Arkansas,Lincoln County,1309,1537,1620,1806,1835
Arkansas,Little River County,1319,1550,1633,1821,1850
Arkansas,Logan County,1274,1497,1577,1758,1787
Arkansas,Lonoke County,1515,1779,1875,2091,2124
Arkansas,Madison County,1350,1586,1671,1863,1893
Arkansas,Marion County,1243,1460,1538,1715,1743
Arkansas,Miller County,1435,1685,1776,1980,2012
Arkansas,Mississippi County,1288,1513,1594,1777,1806
Arkansas,Monroe County,1231,1445,1523,1698,1726
Arkansas,Montgomery County,1367,1606,1692,1887,1917
Arkansas,Nevada County,1161,1364,1437,1602,1628
Arkansas,Newton County,1314,1543,1626,1813,1842
Arkansas,Ouachita County,1256,1475,1554,1733,1761
Arkansas,Perry County,1276,1498,1579,1761,1789
Arkansas,Phillips County,1324,1555,1639,1827,1857
Arkansas,Pike County,1285,1509,1590,1773,1801
Arkansas,Poinsett County,1192,1400,1475,1645,1671
Arkansas,Polk County,1331,1563,1647,1836,1866
Arkansas,Pope County,1346,1581,1666,1858,1888
Arkansas,Prairie County,1281,1504,1585,1767,1796
Arkansas,Pulaski County,1611,1892,1994,2223,2259
Arkansas,Randolph County,1230,1444,1522,1697,1724
Arkansas,St. Francis County,1199,1408,1484,1655,1681
Arkansas,Saline County,1572,1847,1946,2170,2205
Arkansas,Scott County,1208,1419,1495,1667,1694
Arkansas,Searcy County,1246,1463,1542,1719,1747
Arkansas,Sebastian County,1408,1654,1743,1943,1975
Arkansas,Sevier County,1174,1379,1453,1620,1646
Arkansas,Sharp County,1281,1504,1585,1767,1796
Arkansas,Stone County,1292,1517,1599,1783,1812
Arkansas,Union County,1357,1593,1679,1872,1902
Arkansas,Van Buren County,1362,1600,1686,1880,1910
Arkansas,Washington County,1703,2000,2108,2350,2388
Arkansas,White County,1353,1590,1675,1868,1898
Arkansas,Woodruff County,1351,1587,1672,1864,1894
Arkansas,Yell County,1322,1553,1636,1824,1854
California,Alameda County,3528,4143,4366,4868,4947
California,Alpine County,2704,3175,3346,3731,3791
California,Amador County,2435,2860,3014,3361,3415
California,Butte County,2193,2576,2714,3026,3075
California,Calaveras County,2347,2757,2905,3239,3291
California,Colusa County,2076,2438,2569,2864,2911
California,Contra Costa County,3213,3774,3977,4434,4506
California,Del Norte County,1770,2078,2190,2442,2481
California,El Dorado County,2894,3399,3582,3994,4058
California,Fresno County,2089,2454,2586,2883,2930
California,Glenn County,1945,2284,2407,2684,2727
California,Humboldt County,2159,2536,2672,2979,3027
California,Imperial County,1843,2165,2281,2543,2584
California,Inyo County,2039,2394,2523,2813,2859
California,Kern County,2008,2358,2485,2771,2816
California,Kings County,1931,2268,2390,2665,2708
California,Lake County,1994,2342,2468,2752,2796
California,Lassen County,1828,2147,2262,2522,2563
California,Los Angeles County,3001,3525,3714,4141,4208
California,Madera County,2079,2442,2573,2869,2915
California,Marin County,4397,5164,5442,6068,6166
California,Mariposa County,2144,2519,2654,2959,3007
California,Mendocino County,2388,2805,2956,3296,3349
California,Merced County,1963,2305,2429,2708,2752
California,Modoc County,1654,1943,2047,2282,2319
California,Mono County,2750,3230,3404,3795,3857
California,Monterey County,2740,3218,3391,3781,3842
California,Napa County,3167,3719,3919,4370,4440
California,Nevada County,2756,3237,3411,3803,3865
California,Orange County,3191,3748,3949,4403,4474
California,Placer County,2869,3370,3551,3959,4023
California,Plumas County,1928,2264,2386,2660,2703
California,Riverside County,2510,2948,3106,3463,3519
California,Sacramento County,2397,2816,2967,3308,3362
California,San Benito County,3124,3669,3866,4311,4380
California,San Bernardino County,2329,2735,2882,3213,3265
California,San Diego County,3057,3590,3783,4218,4286
California,San Francisco County,4185,4916,5180,5776,5869
California,San Joaquin County,2454,2882,3037,3386,3441
California,San Luis Obispo County,2787,3273,3449,3846,3908
California,San Mateo County,3991,4687,4939,5507,5596
California,Santa Barbara County,2860,3359,3539,3946,4010
California,Santa Clara County,3983,4678,4929,5496,5585
California,Santa Cruz County,3327,3908,4118,4592,4666
California,Shasta County,2026,2380,2508,2796,2842
California,Sierra County,2140,2514,2649,2954,3001
California,Siskiyou County,1840,2161,2277,2539,2580
California,Solano County,2667,3133,3301,3681,3740
California,Sonoma County,2917,3426,3610,4025,4090
California,Stanislaus County,2170,2549,2686,2995,3043
California,Sutter County,2133,2505,2640,2944,2991
California,Tehama County,1926,2262,2384,2658,2701
California,Trinity County,1729,2031,2140,2386,2425
California,Tulare County,1923,2259,2380,2654,2697
California,Tuolumne County,2284,2683,2827,3152,3203
California,Ventura County,2972,3490,3678,4101,4167
California,Yolo County,2654,3117,3285,3663,3722
California,Yuba County,2231,2620,2761,3079,3128
Colorado,Adams County,2367,2780,2929,3266,3319
Colorado,Alamosa County,1455,1709,1801,2008,2041
Colorado,Arapahoe County,2405,2825,2977,3319,3373
Colorado,Archuleta County,1963,2306,2430,2709,2753
Colorado,Baca County,1284,1508,1589,1772,1800
Colorado,Bent County,1324,1554,1638,1826,1856
Colorado,Boulder County,2665,3130,3298,3677,3737
Colorado,Broomfield County,2553,2999,3160,3523,3580
Colorado,Chaffee County,1998,2347,2473,2757,2802
Colorado,Cheyenne County,1492,1752,1846,2058,2092
Colorado,Clear Creek County,2309,2712,2858,3187,3238
Colorado,Conejos County,1483,1741,1835,2046,2079
Colorado,Costilla County,1420,1668,1758,1960,1992
Colorado,Crowley County,1349,1584,1669,1861,1891
Colorado,Custer County,2069,2430,2561,2856,2902
Colorado,Delta County,1598,1877,1978,2205,2241
Colorado,Denver County,2442,2868,3022,3370,3424
Colorado,Dolores County,1477,1735,1828,2038,2071
Colorado,Douglas County,2805,3295,3472,3871,3934
Colorado,Eagle County,2559,3005,3167,3531,3588
Colorado,Elbert County,2705,3177,3348,3733,3793
Colorado,El Paso County,2157,2534,2670,2977,3025
Colorado,Fremont County,1705,2002,2110,2353,2391
Colorado,Garfield County,2270,2666,2809,3132,3183
Colorado,Gilpin County,2137,2510,2645,2949,2997
Colorado,Grand County,2033,2388,2516,2805,2851
Colorado,Gunnison County,2295,2695,2840,3167,3218
Colorado,Hinsdale County,2216,2603,2743,3058,3108
Colorado,Huerfano County,1427,1676,1766,1969,2001
Colorado,Jackson County,1536,1804,1901,2120,2154
Colorado,Jefferson County,2469,2900,3056,3407,3462
Colorado,Kiowa County,1389,1631,1719,1917,1948
Colorado,Kit Carson County,1660,1949,2054,2290,2327
Colorado,Lake County,2005,2354,2481,2766,2811
Colorado,La Plata County,2119,2489,2623,2925,2972
Colorado,Larimer County,2293,2693,2838,3164,3215
Colorado,Las Animas County,1593,1871,1972,2199,2234
Colorado,Lincoln County,1610,1891,1993,2222,2258
Colorado,Logan County,1728,2029,2138,2384,2422
Colorado,Mesa County,1736,2039,2149,2396,2435
Colorado,Mineral County,1753,2058,2169,2418,2457
Colorado,Moffat County,1686,1981,2087,2327,2365
Colorado,Montezuma County,1648,1936,2040,2275,2311
Colorado,Montrose County,1690,1984,2091,2331,2369
Colorado,Morgan County,2005,2354,2481,2766,2811
Colorado,Otero County,1500,1762,1857,2071,2104
Colorado,Ouray County,2019,2372,2499,2786,2831
Colorado,Park County,2171,2550,2687,2996,3044
Colorado,Phillips County,1758,2065,2176,2426,2465
Colorado,Pitkin County,2776,3261,3436,3831,3893
Colorado,Prowers County,1469,1725,1818,2027,2060
Colorado,Pueblo County,1716,2016,2124,2368,2406
Colorado,Rio Blanco County,1538,1806,1903,2122,2156
Colorado,Rio Grande County,1454,1707,1799,2006,2038
Colorado,Routt County,2493,2929,3086,3441,3496
Colorado,Saguache County,1454,1707,1799,2006,2038
Colorado,San Juan County,3045,3577,3769,4202,4270
Colorado,San Miguel County,2410,2831,2983,3326,3380
Colorado,Sedgwick County,1432,1682,1772,1976,2008
Colorado,Summit County,2513,2951,3110,3468,3524
Colorado,Teller County,1969,2313,2437,2717,2761
Colorado,Washington County,1656,1945,2049,2285,2322
Colorado,Weld County,2269,2665,2808,3131,3181
Colorado,Yuma County,1670,1962,2067,2305,2342
Connecticut,Capitol Planning Region,2280,2678,2822,3147,3197
Connecticut,Greater Bridgeport Planning Region,2746,3225,3398,3789,3850
Connecticut,Planning Region,2388,2804,2955,3295,3348
Connecticut,Naugatuck Valley Planning Region,2233,2623,2764,3082,3132
Connecticut,Region,2026,2379,2507,2795,2840
Connecticut,Northwest Hills Planning Region,2170,2549,2686,2995,3043
Connecticut,Region,2359,2771,2920,3256,3308
Connecticut,Region,2157,2534,2670,2977,3025
Connecticut,Western Connecticut Planning Region,3308,3885,4094,4565,4639
Delaware,Kent County,1822,2140,2255,2514,2555
Delaware,New Castle County,1948,2288,2411,2688,2732
Delaware,Sussex County,1818,2135,2250,2509,2549
District of Columbia,District of Columbia,2989,3510,3699,4124,4191
Florida,Alachua County,1813,2130,2244,2502,2542
Florida,Baker County,1641,1927,2031,2265,2301
Florida,Bay County,1854,2177,2294,2558,2599
Florida,Bradford County,1500,1762,1857,2071,2104
Florida,Brevard County,1877,2205,2323,2590,2632
Florida,Broward County,2458,2887,3042,3392,3447
Florida,Calhoun County,1374,1614,1701,1897,1927
Florida,Charlotte County,1850,2172,2289,2552,2593
Florida,Citrus County,1492,1753,1847,2059,2093
Florida,Clay County,1828,2147,2262,2522,2563
Florida,Collier County,2375,2789,2939,3277,3330
Florida,Columbia County,1546,1815,1913,2133,2167
Florida,DeSoto County,1539,1808,1905,2124,2158
Florida,Dixie County,1363,1601,1687,1881,1911
Florida,Duval County,1833,2152,2268,2529,2570
Florida,Escambia County,1748,2053,2163,2412,2451
Florida,Flagler County,1818,2135,2250,2509,2549
Florida,Franklin County,1786,2097,2210,2464,2504
Florida,Gadsden County,1535,1803,1900,2119,2153
Florida,Gilchrist County,1610,1890,1992,2221,2257
Florida,Glades County,1486,1745,1839,2050,2084
Florida,Gulf County,1627,1910,2013,2244,2281
Florida,Hamilton County,1362,1600,1686,1880,1910
Florida,Hardee County,1519,1784,1880,2096,2130
Florida,Hendry County,1538,1807,1904,2123,2157
Florida,Hernando County,1650,1938,2042,2277,2314
Florida,Highlands County,1516,1780,1876,2092,2126
Florida,Hillsborough County,2073,2435,2566,2861,2907
Florida,Holmes County,1351,1587,1672,1864,1894
Florida,Indian River County,1806,2121,2235,2492,2532
Florida,Jackson County,1331,1563,1647,1836,1866
Florida,Jefferson County,1615,1897,1999,2229,2265
Florida,Lafayette County,1420,1667,1757,1959,1991
Florida,Lake County,1884,2213,2332,2600,2642
Florida,Lee County,1976,2320,2445,2726,2770
Florida,Leon County,1847,2169,2286,2549,2590
Florida,Levy County,1444,1696,1787,1993,2025
Florida,Liberty County,1439,1690,1781,1986,2018
Florida,Madison County,1357,1593,1679,1872,1902
Florida,Manatee County,2110,2478,2611,2911,2958
Florida,Marion County,1537,1805,1902,2121,2155
Florida,Martin County,2245,2637,2779,3099,3149
Florida,Miami-Dade County,2474,2906,3062,3414,3469
Florida,Monroe County,3099,3640,3836,4277,4346
Florida,Nassau County,1914,2248,2369,2641,2684
Florida,Okaloosa County,1989,2336,2462,2745,2789
Florida,Okeechobee County,1608,1889,1990,2219,2255
Florida,Orange County,2089,2454,2586,2883,2930
Florida,Osceola County,1938,2276,2398,2674,2717
Florida,Palm Beach County,2415,2837,2989,3333,3387
Florida,Pasco County,1913,2246,2367,2639,2682
Florida,Pinellas County,2026,2379,2507,2795,2840
Florida,Polk County,1801,2115,2229,2485,2525
Florida,Putnam County,1452,1705,1797,2004,2036
Florida,St. Johns County,2342,2750,2898,3231,3283
Florida,St. Lucie County,1968,2312,2436,2716,2760
Florida,Santa Rosa County,1919,2254,2375,2648,2691
Florida,Sarasota County,2022,2375,2503,2791,2836
Florida,Seminole County,2060,2419,2549,2842,2888
Florida,Sumter County,1775,2085,2197,2450,2489
Florida,Suwannee County,1505,1768,1863,2077,2111
Florida,Taylor County,1401,1646,1734,1933,1965
Florida,Union County,1454,1708,1800,2007,2039
Florida,Volusia County,1777,2087,2199,2452,2491
Florida,Wakulla County,1667,1958,2063,2300,2337
Florida,Walton County,2127,2499,2633,2936,2983
Florida,Washington County,1510,1774,1869,2084,2118
Georgia,Appling County,1314,1543,1626,1813,1842
Georgia,Atkinson County,1157,1359,1432,1597,1622
Georgia,Bacon County,1280,1503,1584,1766,1795
Georgia,Baker County,1273,1495,1575,1756,1784
Georgia,Baldwin County,1496,1758,1852,2065,2098
Georgia,Banks County,1581,1857,1957,2182,2217
Georgia,Barrow County,1686,1981,2087,2327,2365
Georgia,Bartow County,1736,2039,2149,2396,2435
Georgia,Ben Hill County,1332,1565,1649,1839,1868
Georgia,Berrien County,1330,1562,1646,1835,1865
Georgia,Bibb County,1555,1826,1924,2145,2180
Georgia,Bleckley County,1614,1896,1998,2228,2264
Georgia,Brantley County,1265,1486,1566,1746,1774
Georgia,Brooks County,1408,1654,1743,1943,1975
Georgia,Bryan County,2132,2504,2639,2942,2990
Georgia,Bulloch County,1584,1861,1961,2187,2222
Georgia,Burke County,1526,1793,1889,2106,2140
Georgia,Butts County,1516,1780,1876,2092,2126
Georgia,Calhoun County,1334,1567,1651,1841,1871
Georgia,Camden County,1673,1964,2070,2308,2345
Georgia,Candler County,1360,1597,1683,1877,1907
Georgia,Carroll County,1593,1870,1971,2198,2233
Georgia,Catoosa County,1513,1777,1872,2087,2121
Georgia,Charlton County,1483,1741,1835,2046,2079
Georgia,Chatham County,1837,2157,2273,2534,2575
Georgia,Chattahoochee County,1578,1853,1953,2178,2213
Georgia,Chattooga County,1367,1606,1692,1887,1917
Georgia,Cherokee County,2064,2424,2554,2848,2894
Georgia,Clarke County,1713,2012,2120,2364,2402
Georgia,Clay County,1429,1679,1769,1972,2004
Georgia,Clayton County,1572,1847,1946,2170,2205
Georgia,Clinch County,1260,1479,1559,1738,1766
Georgia,Cobb County,2108,2476,2609,2909,2956
Georgia,Coffee County,1397,1641,1729,1928,1959
Georgia,Colquitt County,1340,1573,1658,1849,1879
Georgia,Columbia County,1922,2258,2379,2653,2695
Georgia,Cook County,1458,1712,1804,2011,2044
Georgia,Coweta County,1924,2260,2381,2655,2698
Georgia,Crawford County,1375,1615,1702,1898,1928
Georgia,Crisp County,1560,1833,1931,2153,2188
Georgia,Dade County,1523,1789,1885,2102,2136
Georgia,Dawson County,1948,2288,2411,2688,2732
Georgia,Decatur County,1429,1679,1769,1972,2004
Georgia,DeKalb County,2019,2372,2499,2786,2831
Georgia,Dodge County,1474,1731,1824,2034,2067
Georgia,Dooly County,1450,1703,1795,2001,2034
Georgia,Dougherty County,1492,1753,1847,2059,2093
Georgia,Douglas County,1786,2097,2210,2464,2504
Georgia,Early County,1487,1746,1840,2052,2085
Georgia,Echols County,1342,1576,1661,1852,1882
Georgia,Effingham County,1801,2115,2229,2485,2525
Georgia,Elbert County,1490,1750,1844,2056,2089
Georgia,Emanuel County,1329,1561,1645,1834,1864
Georgia,Evans County,1380,1621,1708,1904,1935
Georgia,Fannin County,1601,1881,1982,2210,2246
Georgia,Fayette County,2310,2713,2859,3188,3239
Georgia,Floyd County,1627,1911,2014,2246,2282
Georgia,Forsyth County,2482,2915,3072,3425,3481
Georgia,Franklin County,1559,1832,1930,2152,2187
Georgia,Fulton County,2354,2764,2913,3248,3300
Georgia,Gilmer County,1601,1881,1982,2210,2246
Georgia,Glascock County,1850,2172,2289,2552,2593
Georgia,Glynn County,1791,2104,2217,2472,2512
Georgia,Gordon County,1521,1786,1882,2098,2132
Georgia,Grady County,1490,1750,1844,2056,2089
Georgia,Greene County,2137,2510,2645,2949,2997
Georgia,Gwinnett County,2079,2442,2573,2869,2915
Georgia,Habersham County,1586,1863,1963,2189,2224
Georgia,Hall County,1823,2141,2256,2515,2556
Georgia,Hancock County,1549,1819,1917,2137,2172
Georgia,Haralson County,1759,2066,2177,2427,2467
Georgia,Harris County,1940,2279,2401,2677,2720
Georgia,Hart County,1542,1812,1909,2129,2163
Georgia,Heard County,1661,1951,2056,2292,2329
Georgia,Henry County,1856,2180,2297,2561,2603
Georgia,Houston County,1663,1953,2058,2295,2332
Georgia,Irwin County,1306,1534,1616,1802,1831
Georgia,Jackson County,1928,2264,2386,2660,2703
Georgia,Jasper County,1579,1854,1954,2179,2214
Georgia,Jeff Davis County,1286,1510,1591,1774,1803
Georgia,Jefferson County,1340,1573,1658,1849,1879
Georgia,Jenkins County,1420,1668,1758,1960,1992
Georgia,Johnson County,1356,1592,1678,1871,1901
Georgia,Jones County,1602,1882,1983,2211,2247
Georgia,Lamar County,1590,1868,1968,2194,2230
Georgia,Lanier County,1610,1890,1992,2221,2257
Georgia,Laurens County,1487,1746,1840,2052,2085
Georgia,Lee County,1706,2004,2112,2355,2393
Georgia,Liberty County,1617,1899,2001,2231,2267
Georgia,Lincoln County,1699,1996,2103,2345,2383
Georgia,Long County,1633,1918,2021,2253,2290
Georgia,Lowndes County,1565,1838,1937,2160,2195
Georgia,Lumpkin County,1644,1931,2035,2269,2306
Georgia,McDuffie County,1501,1763,1858,2072,2105
Georgia,McIntosh County,1545,1814,1912,2132,2166
Georgia,Macon County,1306,1534,1616,1802,1831
Georgia,Madison County,1555,1826,1924,2145,2180
Georgia,Marion County,1440,1691,1782,1987,2019
Georgia,Meriwether County,1512,1776,1871,2086,2120
Georgia,Miller County,1519,1784,1880,2096,2130
Georgia,Mitchell County,1407,1652,1741,1941,1973
Georgia,Monroe County,1891,2221,2340,2609,2651
Georgia,Montgomery County,1394,1637,1725,1923,1954
Georgia,Morgan County,1869,2195,2313,2579,2621
Georgia,Murray County,1383,1625,1712,1909,1940
Georgia,Muscogee County,1608,1889,1990,2219,2255
Georgia,Newton County,1692,1987,2094,2335,2373
Georgia,Oconee County,2231,2620,2761,3079,3128
Georgia,Oglethorpe County,1530,1797,1894,2112,2146
Georgia,Paulding County,1822,2140,2255,2514,2555
Georgia,Peach County,1713,2012,2120,2364,2402
Georgia,Pickens County,1750,2056,2166,2415,2454
Georgia,Pierce County,1429,1679,1769,1972,2004
Georgia,Pike County,1925,2261,2383,2657,2700
Georgia,Polk County,1555,1827,1925,2146,2181
Georgia,Pulaski County,1355,1591,1677,1870,1900
Georgia,Putnam County,1635,1921,2024,2257,2293
Georgia,Quitman County,1170,1374,1448,1615,1641
Georgia,Rabun County,1601,1880,1981,2209,2244
Georgia,Randolph County,1298,1524,1606,1791,1820
Georgia,Richmond County,1517,1781,1877,2093,2127
Georgia,Rockdale County,1825,2144,2259,2519,2559
Georgia,Schley County,1620,1903,2005,2236,2272
Georgia,Screven County,1446,1699,1790,1996,2028
Georgia,Seminole County,1318,1548,1631,1819,1848
Georgia,Spalding County,1572,1847,1946,2170,2205
Georgia,Stephens County,1357,1593,1679,1872,1902
Georgia,Stewart County,1146,1346,1418,1581,1607
Georgia,Sumter County,1371,1610,1697,1892,1923
Georgia,Talbot County,1478,1736,1829,2039,2072
Georgia,Taliaferro County,1245,1462,1541,1718,1746
Georgia,Tattnall County,1436,1686,1777,1981,2013
Georgia,Taylor County,1330,1562,1646,1835,1865
Georgia,Telfair County,1633,1918,2021,2253,2290
Georgia,Terrell County,1405,1650,1739,1939,1970
Georgia,Thomas County,1576,1851,1951,2175,2210
Georgia,Tift County,1422,1670,1760,1962,1994
Georgia,Toombs County,1385,1627,1714,1911,1942
Georgia,Towns County,1558,1830,1928,2150,2184
Georgia,Treutlen County,1324,1555,1639,1827,1857
Georgia,Troup County,1634,1919,2022,2255,2291
Georgia,Turner County,1380,1621,1708,1904,1935
Georgia,Twiggs County,1365,1603,1689,1883,1914
Georgia,Union County,1605,1885,1986,2214,2250
Georgia,Upson County,1447,1700,1791,1997,2029
Georgia,Walker County,1471,1727,1820,2029,2062
Georgia,Walton County,1937,2275,2397,2673,2716
Georgia,Ware County,1309,1537,1620,1806,1835
Georgia,Warren County,1287,1512,1593,1776,1805
Georgia,Washington County,1382,1624,1711,1908,1939
Georgia,Wayne County,1488,1747,1841,2053,2086
Georgia,Webster County,1299,1526,1608,1793,1822
Georgia,Wheeler County,1144,1344,1416,1579,1604
Georgia,White County,1664,1955,2060,2297,2334
Georgia,Whitfield County,1490,1750,1844,2056,2089
Georgia,Wilcox County,1488,1747,1841,2053,2086
Georgia,Wilkes County,1488,1747,1841,2053,2086
Georgia,Wilkinson County,1223,1436,1513,1687,1714
Georgia,Worth County,1313,1542,1625,1812,1841
Hawaii,Hawaii County,2168,2546,2683,2992,3040
Hawaii,Honolulu County,2980,3500,3688,4112,4179
Hawaii,Kalawao County,2641,3102,3269,3645,3704
Hawaii,Kauai County,2689,3158,3328,3711,3771
Hawaii,Maui County,2731,3208,3380,3769,3830
Idaho,Ada County,1954,2295,2418,2696,2740
Idaho,Adams County,1618,1901,2003,2233,2269
Idaho,Bannock County,1575,1850,1949,2173,2208
Idaho,Bear Lake County,1475,1733,1826,2036,2069
Idaho,Benewah County,1606,1887,1988,2217,2252
Idaho,Bingham County,1615,1897,1999,2229,2265
Idaho,Blaine County,2140,2514,2649,2954,3001
Idaho,Boise County,1826,2145,2260,2520,2561
Idaho,Bonner County,1883,2212,2331,2599,2641
Idaho,Bonneville County,1688,1982,2089,2329,2367
Idaho,Boundary County,1684,1978,2084,2324,2361
Idaho,Butte County,1483,1741,1835,2046,2079
Idaho,Camas County,1856,2180,2297,2561,2603
Idaho,Canyon County,1739,2042,2152,2399,2438
Idaho,Caribou County,1353,1589,1674,1867,1897
Idaho,Cassia County,1467,1723,1816,2025,2058
Idaho,Clark County,1648,1936,2040,2275,2311
Idaho,Clearwater County,1580,1856,1956,2181,2216
Idaho,Custer County,1610,1891,1993,2222,2258
Idaho,Elmore County,1523,1789,1885,2102,2136
Idaho,Franklin County,1685,1979,2085,2325,2362
Idaho,Fremont County,1546,1815,1913,2133,2167
Idaho,Gem County,1582,1858,1958,2183,2218
Idaho,Gooding County,1385,1627,1714,1911,1942
Idaho,Idaho County,1532,1799,1896,2114,2148
Idaho,Jefferson County,1780,2091,2203,2456,2496
Idaho,Jerome County,1495,1756,1850,2063,2096
Idaho,Kootenai County,1907,2240,2360,2631,2674
Idaho,Latah County,1799,2112,2226,2482,2522
Idaho,Lemhi County,1523,1789,1885,2102,2136
Idaho,Lewis County,1441,1692,1783,1988,2020
Idaho,Lincoln County,1446,1698,1789,1995,2027
Idaho,Madison County,1783,2094,2207,2461,2501
Idaho,Minidoka County,1508,1771,1866,2081,2114
Idaho,Nez Perce County,1750,2056,2166,2415,2454
Idaho,Oneida County,1506,1769,1864,2078,2112
Idaho,Owyhee County,1701,1998,2105,2347,2385
Idaho,Payette County,1593,1870,1971,2198,2233
Idaho,Power County,1360,1597,1683,1877,1907
Idaho,Shoshone County,1439,1690,1781,1986,2018
Idaho,Teton County,1931,2268,2390,2665,2708
Idaho,Twin Falls County,1636,1922,2025,2258,2294
Idaho,Valley County,2095,2461,2593,2891,2938
Idaho,Washington County,1447,1700,1791,1997,2029
Illinois,Adams County,1442,1694,1785,1990,2022
Illinois,Alexander County,1424,1672,1762,1965,1996
Illinois,Bond County,1452,1705,1797,2004,2036
Illinois,Boone County,1749,2054,2164,2413,2452
Illinois,Brown County,1329,1561,1645,1834,1864
Illinois,Bureau County,1404,1649,1738,1938,1969
Illinois,Calhoun County,1800,2114,2228,2484,2524
Illinois,Carroll County,1379,1620,1707,1903,1934
Illinois,Cass County,1370,1610,1696,1891,1922
Illinois,Champaign County,1759,2066,2177,2427,2467
Illinois,Christian County,1374,1614,1701,1897,1927
Illinois,Clark County,1403,1648,1737,1937,1968
Illinois,Clay County,1353,1590,1675,1868,1898
Illinois,Clinton County,1612,1893,1995,2224,2260
Illinois,Coles County,1392,1635,1723,1921,1952
Illinois,Cook County,2299,2700,2845,3172,3223
Illinois,Crawford County,1430,1680,1770,1974,2005
Illinois,Cumberland County,1366,1604,1690,1884,1915
Illinois,DeKalb County,1951,2292,2415,2693,2736
Illinois,De Witt County,1426,1675,1765,1968,2000
Illinois,Douglas County,1465,1721,1813,2021,2054
Illinois,DuPage County,2454,2882,3037,3386,3441
Illinois,Edgar County,1277,1500,1581,1763,1791
Illinois,Edwards County,1259,1479,1558,1737,1765
Illinois,Effingham County,1570,1844,1943,2166,2201
Illinois,Fayette County,1368,1607,1693,1888,1918
Illinois,Ford County,1408,1653,1742,1942,1974
Illinois,Franklin County,1350,1586,1671,1863,1893
Illinois,Fulton County,1420,1668,1758,1960,1992
Illinois,Gallatin County,1230,1444,1522,1697,1724
Illinois,Greene County,1345,1579,1664,1855,1885
Illinois,Grundy County,2081,2444,2575,2871,2917
Illinois,Hamilton County,1346,1581,1666,1858,1888
Illinois,Hancock County,1318,1548,1631,1819,1848
Illinois,Hardin County,1279,1502,1583,1765,1794
Illinois,Henderson County,1343,1577,1662,1853,1883
Illinois,Henry County,1559,1831,1929,2151,2186
Illinois,Iroquois County,1452,1705,1797,2004,2036
Illinois,Jackson County,1518,1783,1879,2095,2129
Illinois,Jasper County,1459,1714,1806,2014,2046
Illinois,Jefferson County,1441,1693,1784,1989,2021
Illinois,Jersey County,1635,1920,2023,2256,2292
Illinois,Jo Daviess County,1594,1872,1973,2200,2235
Illinois,Johnson County,1641,1927,2031,2265,2301
Illinois,Kane County,2287,2686,2830,3155,3206
Illinois,Kankakee County,1761,2068,2179,2430,2469
Illinois,Kendall County,2294,2694,2839,3165,3217
Illinois,Knox County,1355,1591,1677,1870,1900
Illinois,Lake County,2500,2936,3094,3450,3506
Illinois,La Salle County,1612,1893,1995,2224,2260
Illinois,Lawrence County,1251,1469,1548,1726,1754
Illinois,Lee County,1549,1819,1917,2137,2172
Illinois,Livingston County,1461,1716,1808,2016,2048
Illinois,Logan County,1398,1642,1730,1929,1960
Illinois,McDonough County,1345,1580,1665,1856,1886
Illinois,McHenry County,2185,2566,2704,3015,3064
Illinois,McLean County,1782,2093,2205,2459,2498
Illinois,Macon County,1454,1707,1799,2006,2038
Illinois,Macoupin County,1407,1652,1741,1941,1973
Illinois,Madison County,1630,1914,2017,2249,2285
Illinois,Marion County,1380,1621,1708,1904,1935
Illinois,Marshall County,1459,1714,1806,2014,2046
Illinois,Mason County,1324,1554,1638,1826,1856
Illinois,Massac County,1476,1734,1827,2037,2070
Illinois,Menard County,1599,1878,1979,2207,2242
Illinois,Mercer County,1484,1743,1837,2048,2081
Illinois,Monroe County,2023,2376,2504,2792,2837
Illinois,Montgomery County,1374,1613,1700,1896,1926
Illinois,Morgan County,1370,1610,1696,1891,1922
Illinois,Moultrie County,1416,1664,1753,1955,1986
Illinois,Ogle County,1661,1951,2056,2292,2329
Illinois,Peoria County,1629,1913,2016,2248,2284
Illinois,Perry County,1310,1538,1621,1807,1837
Illinois,Piatt County,1656,1945,2049,2285,2322
Illinois,Pike County,1233,1448,1526,1701,1729
Illinois,Pope County,1542,1811,1908,2127,2162
Illinois,Pulaski County,1235,1451,1529,1705,1732
Illinois,Putnam County,1681,1975,2081,2320,2358
Illinois,Randolph County,1467,1723,1816,2025,2058
Illinois,Richland County,1344,1578,1663,1854,1884
Illinois,Rock Island County,1513,1777,1872,2087,2121
Illinois,St. Clair County,1744,2048,2158,2406,2445
Illinois,Saline County,1345,1579,1664,1855,1885
Illinois,Sangamon County,1627,1911,2014,2246,2282
Illinois,Schuyler County,1363,1601,1687,1881,1911
Illinois,Scott County,1363,1601,1687,1881,1911
Illinois,Shelby County,1397,1641,1729,1928,1959
Illinois,Stark County,1395,1638,1726,1924,1956
Illinois,Stephenson County,1471,1728,1821,2030,2063
Illinois,Tazewell County,1594,1872,1973,2200,2235
Illinois,Union County,1457,1711,1803,2010,2043
Illinois,Vermilion County,1379,1620,1707,1903,1934
Illinois,Wabash County,1536,1804,1901,2120,2154
Illinois,Warren County,1253,1472,1551,1729,1757
Illinois,Washington County,1539,1808,1905,2124,2158
Illinois,Wayne County,1356,1592,1678,1871,1901
Illinois,White County,1292,1517,1599,1783,1812
Illinois,Whiteside County,1388,1630,1718,1916,1946
Illinois,Will County,2286,2685,2829,3154,3205
Illinois,Williamson County,1525,1791,1887,2104,2138
Illinois,Winnebago County,1556,1828,1926,2147,2182
Illinois,Woodford County,1770,2078,2190,2442,2481
Indiana,Adams County,1378,1618,1705,1901,1932
Indiana,Allen County,1500,1762,1857,2071,2104
Indiana,Bartholomew County,1575,1850,1949,2173,2208
Indiana,Benton County,1359,1596,1682,1875,1906
Indiana,Blackford County,1294,1520,1602,1786,1815
Indiana,Boone County,2073,2434,2565,2860,2906
Indiana,Brown County,1530,1796,1893,2111,2145
Indiana,Carroll County,1366,1605,1691,1885,1916
Indiana,Cass County,1263,1483,1563,1743,1771
Indiana,Clark County,1549,1819,1917,2137,2172
Indiana,Clay County,1381,1622,1709,1906,1936
Indiana,Clinton County,1391,1634,1722,1920,1951
Indiana,Crawford County,1344,1578,1663,1854,1884
Indiana,Daviess County,1434,1684,1775,1979,2011
Indiana,Dearborn County,1648,1936,2040,2275,2311
Indiana,Decatur County,1423,1671,1761,1964,1995
Indiana,DeKalb County,1381,1622,1709,1906,1936
Indiana,Delaware County,1298,1525,1607,1792,1821
Indiana,Dubois County,1503,1765,1860,2074,2107
Indiana,Elkhart County,1480,1739,1832,2043,2076
Indiana,Fayette County,1199,1408,1484,1655,1681
Indiana,Floyd County,1627,1910,2013,2244,2281
Indiana,Fountain County,1271,1493,1573,1754,1782
Indiana,Franklin County,1674,1966,2072,2310,2348
Indiana,Fulton County,1352,1588,1673,1865,1896
Indiana,Gibson County,1481,1740,1833,2044,2077
Indiana,Grant County,1286,1510,1591,1774,1803
Indiana,Greene County,1386,1628,1715,1912,1943
Indiana,Hamilton County,2177,2557,2694,3004,3052
Indiana,Hancock County,1665,1956,2061,2298,2335
Indiana,Harrison County,1518,1783,1879,2095,2129
Indiana,Hendricks County,1813,2130,2244,2502,2542
Indiana,Henry County,1319,1550,1633,1821,1850
Indiana,Howard County,1311,1540,1623,1810,1839
Indiana,Huntington County,1355,1591,1677,1870,1900
Indiana,Jackson County,1386,1628,1715,1912,1943
Indiana,Jasper County,1530,1797,1894,2112,2146
Indiana,Jay County,1244,1461,1539,1716,1744
Indiana,Jefferson County,1448,1701,1792,1998,2030
Indiana,Jennings County,1386,1628,1715,1912,1943
Indiana,Johnson County,1704,2001,2109,2352,2389
Indiana,Knox County,1333,1566,1650,1840,1869
Indiana,Kosciusko County,1475,1732,1825,2035,2068
Indiana,LaGrange County,1563,1835,1934,2156,2191
Indiana,Lake County,1660,1950,2055,2291,2328
Indiana,LaPorte County,1463,1719,1811,2019,2052
Indiana,Lawrence County,1412,1658,1747,1948,1979
Indiana,Madison County,1387,1628,1716,1913,1944
Indiana,Marion County,1593,1870,1971,2198,2233
Indiana,Marshall County,1471,1728,1821,2030,2063
Indiana,Martin County,1399,1643,1731,1930,1961
Indiana,Miami County,1266,1487,1567,1747,1775
Indiana,Monroe County,1660,1950,2055,2291,2328
Indiana,Montgomery County,1395,1639,1727,1926,1957
Indiana,Morgan County,1569,1843,1942,2165,2200
Indiana,Newton County,1471,1728,1821,2030,2063
Indiana,Noble County,1436,1686,1777,1981,2013
Indiana,Ohio County,1576,1851,1950,2174,2209
Indiana,Orange County,1395,1639,1727,1926,1957
Indiana,Owen County,1427,1676,1766,1969,2001
Indiana,Parke County,1314,1543,1626,1813,1842
Indiana,Perry County,1315,1545,1628,1815,1845
Indiana,Pike County,1429,1678,1768,1971,2003
Indiana,Porter County,1768,2076,2188,2440,2479
Indiana,Posey County,1570,1844,1943,2166,2201
Indiana,Pulaski County,1305,1533,1615,1801,1830
Indiana,Putnam County,1554,1825,1923,2144,2179
Indiana,Randolph County,1282,1506,1587,1770,1798
Indiana,Ripley County,1530,1796,1893,2111,2145
Indiana,Rush County,1453,1706,1798,2005,2037
Indiana,St. Joseph County,1453,1706,1798,2005,2037
Indiana,Scott County,1357,1593,1679,1872,1902
Indiana,Shelby County,1549,1819,1917,2137,2172
Indiana,Spencer County,1475,1733,1826,2036,2069
Indiana,Starke County,1333,1566,1650,1840,1869
Indiana,Steuben County,1465,1721,1813,2021,2054
Indiana,Sullivan County,1266,1487,1567,1747,1775
Indiana,Switzerland County,1513,1777,1872,2087,2121
Indiana,Tippecanoe County,1526,1792,1888,2105,2139
Indiana,Tipton County,1450,1703,1795,2001,2034
Indiana,Union County,1265,1486,1566,1746,1774
Indiana,Vanderburgh County,1488,1747,1841,2053,2086
Indiana,Vermillion County,1273,1495,1575,1756,1784
Indiana,Vigo County,1318,1548,1631,1819,1848
Indiana,Wabash County,1329,1561,1645,1834,1864
Indiana,Warren County,1433,1683,1773,1977,2009
Indiana,Warrick County,1666,1957,2062,2299,2336
Indiana,Washington County,1425,1674,1764,1967,1999
Indiana,Wayne County,1303,1531,1613,1798,1828
Indiana,Wells County,1378,1619,1706,1902,1933
Indiana,White County,1462,1718,1810,2018,2051
Indiana,Whitley County,1447,1700,1791,1997,2029
Iowa,Adair County,1522,1788,1884,2101,2135
Iowa,Adams County,1472,1729,1822,2032,2064
Iowa,Allamakee County,1532,1799,1896,2114,2148
Iowa,Appanoose County,1446,1698,1789,1995,2027
Iowa,Audubon County,1357,1594,1680,1873,1903
Iowa,Benton County,1653,1942,2046,2281,2318
Iowa,Black Hawk County,1572,1846,1945,2169,2204
Iowa,Boone County,1746,2051,2161,2410,2448
Iowa,Bremer County,1706,2004,2112,2355,2393
Iowa,Buchanan County,1526,1793,1889,2106,2140
Iowa,Buena Vista County,1488,1747,1841,2053,2086
Iowa,Butler County,1477,1735,1828,2038,2071
Iowa,Calhoun County,1283,1507,1588,1771,1799
Iowa,Carroll County,1383,1625,1712,1909,1940
Iowa,Cass County,1313,1542,1625,1812,1841
Iowa,Cedar County,1650,1938,2042,2277,2314
Iowa,Cerro Gordo County,1517,1781,1877,2093,2127
Iowa,Cherokee County,1467,1722,1815,2024,2056
Iowa,Chickasaw County,1489,1749,1843,2055,2088
Iowa,Clarke County,1560,1833,1931,2153,2188
Iowa,Clay County,1532,1799,1896,2114,2148
Iowa,Clayton County,1507,1770,1865,2079,2113
Iowa,Clinton County,1490,1750,1844,2056,2089
Iowa,Crawford County,1439,1690,1781,1986,2018
Iowa,Dallas County,2200,2584,2723,3036,3085
Iowa,Davis County,1553,1824,1922,2143,2178
Iowa,Decatur County,1442,1694,1785,1990,2022
Iowa,Delaware County,1648,1935,2039,2273,2310
Iowa,Des Moines County,1418,1665,1755,1957,1988
Iowa,Dickinson County,1657,1946,2051,2287,2324
Iowa,Dubuque County,1686,1981,2087,2327,2365
Iowa,Emmet County,1266,1487,1567,1747,1775
Iowa,Fayette County,1408,1654,1743,1943,1975
Iowa,Floyd County,1450,1703,1794,2000,2033
Iowa,Franklin County,1315,1544,1627,1814,1843
Iowa,Fremont County,1458,1713,1805,2013,2045
Iowa,Greene County,1368,1607,1693,1888,1918
Iowa,Grundy County,1623,1907,2009,2240,2276
Iowa,Guthrie County,1597,1876,1977,2204,2240
Iowa,Hamilton County,1500,1761,1856,2069,2103
Iowa,Hancock County,1359,1596,1682,1875,1906
Iowa,Hardin County,1406,1651,1740,1940,1971
Iowa,Harrison County,1509,1773,1868,2083,2116
Iowa,Henry County,1474,1731,1824,2034,2067
Iowa,Howard County,1408,1653,1742,1942,1974
Iowa,Humboldt County,1431,1681,1771,1975,2007
Iowa,Ida County,1292,1517,1599,1783,1812
Iowa,Iowa County,1639,1925,2028,2261,2298
Iowa,Jackson County,1526,1792,1888,2105,2139
Iowa,Jasper County,1548,1818,1916,2136,2171
Iowa,Jefferson County,1530,1796,1893,2111,2145
Iowa,Johnson County,2018,2370,2497,2784,2829
Iowa,Jones County,1600,1879,1980,2208,2243
Iowa,Keokuk County,1359,1596,1682,1875,1906
Iowa,Kossuth County,1416,1664,1753,1955,1986
Iowa,Lee County,1463,1719,1811,2019,2052
Iowa,Linn County,1705,2002,2110,2353,2391
Iowa,Louisa County,1453,1706,1798,2005,2037
Iowa,Lucas County,1504,1767,1862,2076,2110
Iowa,Lyon County,1531,1798,1895,2113,2147
Iowa,Madison County,1841,2162,2278,2540,2581
Iowa,Mahaska County,1446,1698,1789,1995,2027
Iowa,Marion County,1673,1964,2070,2308,2345
Iowa,Marshall County,1488,1748,1842,2054,2087
Iowa,Mills County,1763,2071,2182,2433,2472
Iowa,Mitchell County,1472,1729,1822,2032,2064
Iowa,Monona County,1370,1609,1695,1890,1920
Iowa,Monroe County,1410,1656,1745,1946,1977
Iowa,Montgomery County,1288,1513,1594,1777,1806
Iowa,Muscatine County,1568,1841,1940,2163,2198
Iowa,O'Brien County,1509,1773,1868,2083,2116
Iowa,Osceola County,1407,1652,1741,1941,1973
Iowa,Page County,1356,1592,1678,1871,1901
Iowa,Palo Alto County,1350,1586,1671,1863,1893
Iowa,Plymouth County,1569,1843,1942,2165,2200
Iowa,Pocahontas County,1332,1565,1649,1839,1868
Iowa,Polk County,1840,2161,2277,2539,2580
Iowa,Pottawattamie County,1628,1912,2015,2247,2283
Iowa,Poweshiek County,1702,1999,2106,2348,2386
Iowa,Ringgold County,1866,2192,2310,2576,2617
Iowa,Sac County,1338,1572,1656,1846,1876
Iowa,Scott County,1694,1990,2097,2338,2376
Iowa,Shelby County,1483,1742,1836,2047,2080
Iowa,Sioux County,1765,2073,2184,2435,2474
Iowa,Story County,1813,2130,2244,2502,2542
Iowa,Tama County,1481,1740,1833,2044,2077
Iowa,Taylor County,1341,1575,1660,1851,1881
Iowa,Union County,1418,1665,1755,1957,1988
Iowa,Van Buren County,1518,1783,1879,2095,2129
Iowa,Wapello County,1405,1650,1739,1939,1970
Iowa,Warren County,1904,2237,2357,2628,2670
Iowa,Washington County,1681,1975,2081,2320,2358
Iowa,Wayne County,1376,1616,1703,1899,1929
Iowa,Webster County,1440,1691,1782,1987,2019
Iowa,Winnebago County,1361,1598,1684,1878,1908
Iowa,Winneshiek County,1676,1968,2074,2313,2350
Iowa,Woodbury County,1571,1845,1944,2168,2203
Iowa,Worth County,1359,1596,1682,1875,1906
Iowa,Wright County,1356,1592,1678,1871,1901
Kansas,Allen County,1365,1603,1689,1883,1914
Kansas,Anderson County,1589,1866,1966,2192,2227
Kansas,Atchison County,1525,1791,1887,2104,2138
Kansas,Barber County,1529,1796,1892,2110,2144
Kansas,Barton County,1447,1700,1791,1997,2029
Kansas,Bourbon County,1376,1616,1703,1899,1929
Kansas,Brown County,1454,1708,1800,2007,2039
Kansas,Butler County,1795,2109,2222,2478,2518
Kansas,Chase County,1341,1575,1660,1851,1881
Kansas,Chautauqua County,1384,1626,1713,1910,1941
Kansas,Cherokee County,1336,1570,1654,1844,1874
Kansas,Cheyenne County,1298,1525,1607,1792,1821
Kansas,Clark County,1159,1362,1435,1600,1626
Kansas,Clay County,1571,1845,1944,2168,2203
Kansas,Cloud County,1303,1531,1613,1798,1828
Kansas,Coffey County,1526,1793,1889,2106,2140
Kansas,Comanche County,1274,1497,1577,1758,1787
Kansas,Cowley County,1457,1711,1803,2010,2043
Kansas,Crawford County,1407,1652,1741,1941,1973
Kansas,Decatur County,1303,1531,1613,1798,1828
Kansas,Dickinson County,1512,1776,1871,2086,2120
Kansas,Doniphan County,1445,1697,1788,1994,2026
Kansas,Douglas County,2049,2407,2536,2828,2873
Kansas,Edwards County,1262,1482,1562,1742,1770
Kansas,Elk County,1426,1675,1765,1968,2000
Kansas,Ellis County,1704,2001,2109,2352,2389
Kansas,Ellsworth County,1419,1666,1756,1958,1990
Kansas,Finney County,1826,2145,2260,2520,2561
Kansas,Ford County,1542,1812,1909,2129,2163
Kansas,Franklin County,1778,2088,2200,2453,2493
Kansas,Geary County,1774,2083,2195,2447,2487
Kansas,Gove County,1498,1759,1854,2067,2101
Kansas,Graham County,1418,1665,1755,1957,1988
Kansas,Grant County,1417,1665,1754,1956,1987
Kansas,Gray County,1597,1875,1976,2203,2239
Kansas,Greeley County,1550,1820,1918,2139,2173
Kansas,Greenwood County,1462,1717,1809,2017,2050
Kansas,Hamilton County,1436,1686,1777,1981,2013
Kansas,Harper County,1380,1621,1708,1904,1935
Kansas,Harvey County,1664,1954,2059,2296,2333
Kansas,Haskell County,1520,1785,1881,2097,2131
Kansas,Hodgeman County,1511,1775,1870,2085,2119
Kansas,Jackson County,1690,1985,2092,2333,2370
Kansas,Jefferson County,1773,2082,2194,2446,2486
Kansas,Jewell County,1516,1780,1876,2092,2126
Kansas,Johnson County,2281,2679,2823,3148,3198
Kansas,Kearny County,1631,1916,2019,2251,2288
Kansas,Kingman County,1455,1709,1801,2008,2041
Kansas,Kiowa County,1567,1840,1939,2162,2197
Kansas,Labette County,1522,1788,1884,2101,2135
Kansas,Lane County,1289,1514,1595,1778,1807
Kansas,Leavenworth County,1998,2347,2473,2757,2802
Kansas,Lincoln County,1382,1623,1710,1907,1937
Kansas,Linn County,1585,1862,1962,2188,2223
Kansas,Logan County,1359,1596,1682,1875,1906
Kansas,Lyon County,1500,1761,1856,2069,2103
Kansas,McPherson County,1678,1971,2077,2316,2353
Kansas,Marion County,1477,1735,1828,2038,2071
Kansas,Marshall County,1448,1701,1792,1998,2030
Kansas,Meade County,1750,2056,2166,2415,2454
Kansas,Miami County,1972,2317,2441,2722,2766
Kansas,Mitchell County,1559,1832,1930,2152,2187
Kansas,Montgomery County,1500,1761,1856,2069,2103
Kansas,Morris County,1504,1767,1862,2076,2110
Kansas,Morton County,1408,1654,1743,1943,1975
Kansas,Nemaha County,1628,1912,2015,2247,2283
Kansas,Neosho County,1369,1608,1694,1889,1919
Kansas,Ness County,1385,1627,1714,1911,1942
Kansas,Norton County,1294,1520,1602,1786,1815
Kansas,Osage County,1550,1820,1918,2139,2173
Kansas,Osborne County,1273,1496,1576,1757,1786
Kansas,Ottawa County,1643,1930,2034,2268,2305
Kansas,Pawnee County,1374,1614,1701,1897,1927
Kansas,Phillips County,1310,1538,1621,1807,1837
Kansas,Pottawatomie County,1903,2235,2355,2626,2668
Kansas,Pratt County,1432,1682,1772,1976,2008
Kansas,Rawlins County,1499,1760,1855,2068,2102
Kansas,Reno County,1475,1732,1825,2035,2068
Kansas,Republic County,1428,1677,1767,1970,2002
Kansas,Rice County,1357,1593,1679,1872,1902
Kansas,Riley County,1857,2181,2298,2562,2604
Kansas,Rooks County,1269,1491,1571,1752,1780
Kansas,Rush County,1305,1533,1615,1801,1830
Kansas,Russell County,1678,1971,2077,2316,2353
Kansas,Saline County,1467,1723,1816,2025,2058
Kansas,Scott County,1576,1851,1951,2175,2210
Kansas,Sedgwick County,1688,1982,2089,2329,2367
Kansas,Seward County,1532,1799,1896,2114,2148
Kansas,Shawnee County,1610,1891,1993,2222,2258
Kansas,Sheridan County,1545,1814,1912,2132,2166
Kansas,Sherman County,1528,1795,1891,2108,2143
Kansas,Smith County,1311,1540,1623,1810,1839
Kansas,Stafford County,1417,1665,1754,1956,1987
Kansas,Stanton County,1387,1628,1716,1913,1944
Kansas,Stevens County,1829,2148,2263,2523,2564
Kansas,Sumner County,1610,1890,1992,2221,2257
Kansas,Thomas County,1438,1689,1780,1985,2017
Kansas,Trego County,1372,1611,1698,1893,1924
Kansas,Wabaunsee County,1580,1856,1956,2181,2216
Kansas,Wallace County,1488,1748,1842,2054,2087
Kansas,Washington County,1341,1575,1660,1851,1881
Kansas,Wichita County,1511,1775,1870,2085,2119
Kansas,Wilson County,1378,1618,1705,1901,1932
Kansas,Woodson County,1576,1851,1950,2174,2209
Kansas,Wyandotte County,1691,1986,2093,2334,2371
Kentucky,Adair County,1340,1573,1658,1849,1879
Kentucky,Allen County,1388,1630,1718,1916,1946
Kentucky,Anderson County,1524,1790,1886,2103,2137
Kentucky,Ballard County,1302,1530,1612,1797,1826
Kentucky,Barren County,1430,1680,1770,1974,2005
Kentucky,Bath County,1317,1547,1630,1817,1847
Kentucky,Bell County,1285,1509,1590,1773,1801
Kentucky,Boone County,1750,2056,2166,2415,2454
Kentucky,Bourbon County,1552,1823,1921,2142,2176
Kentucky,Boyd County,1376,1616,1703,1899,1929
Kentucky,Boyle County,1486,1745,1839,2050,2084
Kentucky,Bracken County,1314,1543,1626,1813,1842
Kentucky,Breathitt County,1319,1550,1633,1821,1850
Kentucky,Breckinridge County,1370,1610,1696,1891,1922
Kentucky,Bullitt County,1669,1960,2065,2302,2340
Kentucky,Butler County,1286,1510,1591,1774,1803
Kentucky,Caldwell County,1437,1687,1778,1982,2014
Kentucky,Calloway County,1408,1653,1742,1942,1974
Kentucky,Campbell County,1725,2026,2135,2381,2419
Kentucky,Carlisle County,1426,1675,1765,1968,2000
Kentucky,Carroll County,1341,1575,1660,1851,1881
Kentucky,Carter County,1424,1672,1762,1965,1996
Kentucky,Casey County,1215,1427,1504,1677,1704
Kentucky,Christian County,1472,1729,1822,2032,2064
Kentucky,Clark County,1524,1790,1886,2103,2137
Kentucky,Clay County,1172,1377,1451,1618,1644
Kentucky,Clinton County,1340,1573,1658,1849,1879
Kentucky,Crittenden County,1214,1426,1503,1676,1703
Kentucky,Cumberland County,1271,1493,1573,1754,1782
Kentucky,Daviess County,1521,1786,1882,2098,2132
Kentucky,Edmonson County,1320,1551,1634,1822,1851
Kentucky,Elliott County,1414,1661,1750,1951,1983
Kentucky,Estill County,1260,1479,1559,1738,1766
Kentucky,Fayette County,1732,2035,2144,2391,2429
Kentucky,Fleming County,1336,1570,1654,1844,1874
Kentucky,Floyd County,1352,1588,1673,1865,1896
Kentucky,Franklin County,1553,1824,1922,2143,2178
Kentucky,Fulton County,1102,1294,1364,1521,1545
Kentucky,Gallatin County,1416,1663,1752,1953,1985
Kentucky,Garrard County,1517,1782,1878,2094,2128
Kentucky,Grant County,1522,1788,1884,2101,2135
Kentucky,Graves County,1385,1627,1714,1911,1942
Kentucky,Grayson County,1425,1673,1763,1966,1997
Kentucky,Green County,1153,1354,1427,1591,1617
Kentucky,Greenup County,1349,1585,1670,1862,1892
Kentucky,Hancock County,1354,1591,1676,1869,1899
Kentucky,Hardin County,1569,1843,1942,2165,2200
Kentucky,Harlan County,1173,1378,1452,1619,1645
Kentucky,Harrison County,1456,1710,1802,2009,2042
Kentucky,Hart County,1311,1539,1622,1809,1838
Kentucky,Henderson County,1450,1703,1794,2000,2033
Kentucky,Henry County,1564,1837,1936,2159,2193
Kentucky,Hickman County,1349,1584,1669,1861,1891
Kentucky,Hopkins County,1282,1506,1587,1770,1798
Kentucky,Jackson County,1277,1500,1581,1763,1791
Kentucky,Jefferson County,1696,1992,2099,2340,2378
Kentucky,Jessamine County,1656,1945,2049,2285,2322
Kentucky,Johnson County,1319,1550,1633,1821,1850
Kentucky,Kenton County,1689,1983,2090,2330,2368
Kentucky,Knott County,1292,1517,1599,1783,1812
Kentucky,Knox County,1280,1503,1584,1766,1795
Kentucky,Larue County,1454,1707,1799,2006,2038
Kentucky,Laurel County,1395,1638,1726,1924,1956
Kentucky,Lawrence County,1375,1615,1702,1898,1928
Kentucky,Lee County,1196,1405,1480,1650,1677
Kentucky,Leslie County,1229,1443,1521,1696,1723
Kentucky,Letcher County,1259,1479,1558,1737,1765
Kentucky,Lewis County,1151,1352,1425,1589,1615
Kentucky,Lincoln County,1299,1526,1608,1793,1822
Kentucky,Livingston County,1389,1631,1719,1917,1948
Kentucky,Logan County,1493,1754,1848,2061,2094
Kentucky,Lyon County,1512,1776,1871,2086,2120
Kentucky,McCracken County,1501,1763,1858,2072,2105
Kentucky,McCreary County,1145,1345,1417,1580,1605
Kentucky,McLean County,1333,1566,1650,1840,1869
Kentucky,Madison County,1604,1884,1985,2213,2249
Kentucky,Magoffin County,1363,1601,1687,1881,1911
Kentucky,Marion County,1398,1642,1730,1929,1960
Kentucky,Marshall County,1403,1647,1736,1936,1967
Kentucky,Martin County,1507,1770,1865,2079,2113
Kentucky,Mason County,1399,1644,1732,1931,1962
Kentucky,Meade County,1484,1743,1837,2048,2081
Kentucky,Menifee County,1188,1395,1470,1639,1666
Kentucky,Mercer County,1509,1772,1867,2082,2115
Kentucky,Metcalfe County,1248,1465,1544,1722,1749
Kentucky,Monroe County,1239,1455,1533,1709,1737
Kentucky,Montgomery County,1397,1641,1729,1928,1959
Kentucky,Morgan County,1424,1672,1762,1965,1996
Kentucky,Muhlenberg County,1333,1566,1650,1840,1869
Kentucky,Nelson County,1514,1778,1874,2090,2123
Kentucky,Nicholas County,1313,1542,1625,1812,1841
Kentucky,Ohio County,1281,1504,1585,1767,1796
Kentucky,Oldham County,2207,2592,2731,3045,3094
Kentucky,Owen County,1519,1784,1880,2096,2130
Kentucky,Owsley County,1203,1413,1489,1660,1687
Kentucky,Pendleton County,1338,1572,1656,1846,1876
Kentucky,Perry County,1333,1566,1650,1840,1869
Kentucky,Pike County,1428,1677,1767,1970,2002
Kentucky,Powell County,1394,1637,1725,1923,1954
Kentucky,Pulaski County,1371,1610,1697,1892,1923
Kentucky,Robertson County,1485,1744,1838,2049,2082
Kentucky,Rockcastle County,1204,1414,1490,1661,1688
Kentucky,Rowan County,1445,1697,1788,1994,2026
Kentucky,Russell County,1378,1618,1705,1901,1932
Kentucky,Scott County,1734,2037,2146,2393,2431
Kentucky,Shelby County,1732,2035,2144,2391,2429
Kentucky,Simpson County,1446,1698,1789,1995,2027
Kentucky,Spencer County,1868,2194,2312,2578,2619
Kentucky,Taylor County,1376,1616,1703,1899,1929
Kentucky,Todd County,1311,1540,1623,1810,1839
Kentucky,Trigg County,1508,1771,1866,2081,2114
Kentucky,Trimble County,1435,1685,1776,1980,2012
Kentucky,Union County,1392,1635,1723,1921,1952
Kentucky,Warren County,1585,1862,1962,2188,2223
Kentucky,Washington County,1295,1521,1603,1787,1816
Kentucky,Wayne County,1277,1499,1580,1762,1790
Kentucky,Webster County,1396,1640,1728,1927,1958
Kentucky,Whitley County,1324,1555,1639,1827,1857
Kentucky,Wolfe County,1167,1370,1444,1610,1636
Kentucky,Woodford County,1677,1970,2076,2315,2352
Louisiana,Acadia Parish,1444,1696,1787,1993,2025
Louisiana,Allen Parish,1355,1591,1677,1870,1900
Louisiana,Ascension Parish,1874,2201,2319,2586,2627
Louisiana,Assumption Parish,1583,1859,1959,2184,2220
Louisiana,Avoyelles Parish,1333,1566,1650,1840,1869
Louisiana,Beauregard Parish,1571,1845,1944,2168,2203
Louisiana,Bienville Parish,1224,1438,1515,1689,1716
Louisiana,Bossier Parish,1736,2038,2148,2395,2434
Louisiana,Caddo Parish,1551,1822,1920,2141,2175
Louisiana,Calcasieu Parish,1698,1995,2102,2344,2382
Louisiana,Caldwell Parish,1480,1739,1832,2043,2076
Louisiana,Cameron Parish,1644,1931,2035,2269,2306
Louisiana,Catahoula Parish,1399,1644,1732,1931,1962
Louisiana,Claiborne Parish,1172,1376,1450,1617,1643
Louisiana,Concordia Parish,1317,1547,1630,1817,1847
Louisiana,De Soto Parish,1552,1823,1921,2142,2176
Louisiana,East Baton Rouge Parish,1790,2102,2215,2470,2510
Louisiana,East Carroll Parish,1312,1541,1624,1811,1840
Louisiana,East Feliciana Parish,1553,1824,1922,2143,2178
Louisiana,Evangeline Parish,1402,1647,1735,1935,1966
Louisiana,Franklin Parish,1325,1556,1640,1829,1858
Louisiana,Grant Parish,1500,1761,1856,2069,2103
Louisiana,Iberia Parish,1533,1800,1897,2115,2149
Louisiana,Iberville Parish,1545,1814,1912,2132,2166
Louisiana,Jackson Parish,1311,1540,1623,1810,1839
Louisiana,Jefferson Parish,1840,2161,2277,2539,2580
Louisiana,Jefferson Davis Parish,1454,1708,1800,2007,2039
Louisiana,Lafayette Parish,1706,2004,2112,2355,2393
Louisiana,Lafourche Parish,1624,1907,2010,2241,2277
Louisiana,La Salle Parish,1391,1633,1721,1919,1950
Louisiana,Lincoln Parish,1565,1838,1937,2160,2195
Louisiana,Livingston Parish,1715,2015,2123,2367,2405
Louisiana,Madison Parish,1332,1565,1649,1839,1868
Louisiana,Morehouse Parish,1414,1661,1750,1951,1983
Louisiana,Natchitoches Parish,1515,1779,1875,2091,2124
Louisiana,Orleans Parish,2222,2610,2750,3066,3116
Louisiana,Ouachita Parish,1581,1857,1957,2182,2217
Louisiana,Plaquemines Parish,2203,2587,2726,3039,3089
Louisiana,Pointe Coupee Parish,1574,1849,1948,2172,2207
Louisiana,Rapides Parish,1597,1876,1977,2204,2240
Louisiana,Red River Parish,1335,1568,1652,1842,1872
Louisiana,Richland Parish,1382,1623,1710,1907,1937
Louisiana,Sabine Parish,1405,1650,1739,1939,1970
Louisiana,St. Bernard Parish,1517,1781,1877,2093,2127
Louisiana,St. Charles Parish,1887,2217,2336,2605,2647
Louisiana,St. Helena Parish,1223,1436,1513,1687,1714
Louisiana,St. James Parish,1631,1915,2018,2250,2286
Louisiana,St. John the Baptist Parish,1614,1896,1998,2228,2264
Louisiana,St. Landry Parish,1386,1628,1715,1912,1943
Louisiana,St. Martin Parish,1557,1829,1927,2149,2183
Louisiana,St. Mary Parish,1549,1819,1917,2137,2172
Louisiana,St. Tammany Parish,1883,2212,2331,2599,2641
Louisiana,Tangipahoa Parish,1576,1851,1950,2174,2209
Louisiana,Tensas Parish,1175,1380,1454,1621,1647
Louisiana,Terrebonne Parish,1657,1946,2051,2287,2324
Louisiana,Union Parish,1331,1563,1647,1836,1866
Louisiana,Vermilion Parish,1530,1797,1894,2112,2146
Louisiana,Vernon Parish,1526,1793,1889,2106,2140
Louisiana,Washington Parish,1491,1751,1845,2057,2090
Louisiana,Webster Parish,1391,1634,1722,1920,1951
Louisiana,West Baton Rouge Parish,1597,1875,1976,2203,2239
Louisiana,West Carroll Parish,1256,1475,1554,1733,1761
Louisiana,West Feliciana Parish,1799,2113,2227,2483,2523
Louisiana,Winn Parish,1294,1519,1601,1785,1814
Maine,Androscoggin County,1711,2010,2118,2362,2400
Maine,Aroostook County,1356,1592,1678,1871,1901
Maine,Cumberland County,2197,2580,2719,3032,3081
Maine,Franklin County,1467,1722,1815,2024,2056
Maine,Hancock County,1761,2068,2179,2430,2469
Maine,Kennebec County,1613,1894,1996,2226,2261
Maine,Knox County,1776,2086,2198,2451,2490
Maine,Lincoln County,1703,2000,2108,2350,2388
Maine,Oxford County,1564,1837,1936,2159,2193
Maine,Penobscot County,1666,1957,2062,2299,2336
Maine,Piscataquis County,1378,1619,1706,1902,1933
Maine,Sagadahoc County,1883,2212,2331,2599,2641
Maine,Somerset County,1443,1695,1786,1991,2024
Maine,Waldo County,1649,1937,2041,2276,2312
Maine,Washington County,1423,1671,1761,1964,1995
Maine,York County,2028,2382,2510,2799,2844
Maryland,Allegany County,1408,1654,1743,1943,1975
Maryland,Anne Arundel County,2418,2839,2992,3336,3390
Maryland,Baltimore County,2074,2436,2567,2862,2908
Maryland,Calvert County,2360,2772,2921,3257,3309
Maryland,Caroline County,1837,2157,2273,2534,2575
Maryland,Carroll County,2322,2727,2874,3205,3256
Maryland,Cecil County,2060,2419,2549,2842,2888
Maryland,Charles County,2492,2927,3084,3439,3494
Maryland,Dorchester County,1791,2103,2216,2471,2511
Maryland,Frederick County,2413,2835,2987,3331,3384
Maryland,Garrett County,1656,1945,2050,2286,2323
Maryland,Harford County,2173,2552,2689,2998,3047
Maryland,Howard County,2897,3403,3586,3998,4063
Maryland,Kent County,1951,2291,2414,2692,2735
Maryland,Montgomery County,2820,3312,3490,3891,3954
Maryland,Prince George's County,2419,2841,2994,3338,3392
Maryland,Queen Anne's County,2355,2765,2914,3249,3302
Maryland,St. Mary's County,2270,2667,2810,3133,3184
Maryland,Somerset County,1584,1860,1960,2185,2221
Maryland,Talbot County,2165,2543,2680,2988,3036
Maryland,Washington County,1800,2114,2228,2484,2524
Maryland,Wicomico County,1748,2053,2163,2412,2451
Maryland,Worcester County,1998,2347,2473,2757,2802
Maryland,Baltimore city,1854,2177,2294,2558,2599
Massachusetts,Barnstable County,2405,2825,2977,3319,3373
Massachusetts,Berkshire County,1883,2211,2330,2598,2640
Massachusetts,Bristol County,2373,2787,2937,3275,3328
Massachusetts,Dukes County,3344,3927,4138,4614,4688
Massachusetts,Essex County,2729,3206,3378,3766,3827
Massachusetts,Franklin County,1961,2303,2427,2706,2750
Massachusetts,Hampden County,2009,2360,2487,2773,2818
Massachusetts,Hampshire County,2256,2650,2792,3113,3163
Massachusetts,Middlesex County,3028,3556,3747,4178,4245
Massachusetts,Nantucket County,3643,4279,4509,5028,5109
Massachusetts,Norfolk County,2983,3504,3692,4117,4183
Massachusetts,Plymouth County,2673,3139,3308,3688,3748
Massachusetts,Suffolk County,2809,3299,3476,3876,3938
Massachusetts,Worcester County,2367,2781,2930,3267,3320
Michigan,Alcona County,1286,1510,1591,1774,1803
Michigan,Alger County,1417,1665,1754,1956,1987
Michigan,Allegan County,1652,1941,2045,2280,2317
Michigan,Alpena County,1286,1510,1591,1774,1803
Michigan,Antrim County,1600,1879,1980,2208,2243
Michigan,Arenac County,1324,1554,1638,1826,1856
Michigan,Baraga County,1315,1545,1628,1815,1845
Michigan,Barry County,1672,1963,2069,2307,2344
Michigan,Bay County,1417,1665,1754,1956,1987
Michigan,Benzie County,1579,1854,1954,2179,2214
Michigan,Berrien County,1600,1879,1980,2208,2243
Michigan,Branch County,1410,1656,1745,1946,1977
Michigan,Calhoun County,1436,1686,1777,1981,2013
Michigan,Cass County,1614,1895,1997,2227,2263
Michigan,Charlevoix County,1614,1895,1997,2227,2263
Michigan,Cheboygan County,1401,1646,1734,1933,1965
Michigan,Chippewa County,1381,1622,1709,1906,1936
Michigan,Clare County,1324,1555,1639,1827,1857
Michigan,Clinton County,1827,2146,2261,2521,2562
Michigan,Crawford County,1366,1605,1691,1885,1916
Michigan,Delta County,1379,1620,1707,1903,1934
Michigan,Dickinson County,1311,1540,1623,1810,1839
Michigan,Eaton County,1645,1932,2036,2270,2307
Michigan,Emmet County,1722,2022,2131,2376,2414
Michigan,Genesee County,1594,1872,1973,2200,2235
Michigan,Gladwin County,1403,1648,1737,1937,1968
Michigan,Gogebic County,1275,1498,1578,1759,1788
Michigan,Grand Traverse County,1690,1984,2091,2331,2369
Michigan,Gratiot County,1416,1664,1753,1955,1986
Michigan,Hillsdale County,1408,1654,1743,1943,1975
Michigan,Houghton County,1384,1626,1713,1910,1941
Michigan,Huron County,1319,1549,1632,1820,1849
Michigan,Ingham County,1634,1919,2022,2255,2291
Michigan,Ionia County,1532,1799,1896,2114,2148
Michigan,Iosco County,1234,1449,1527,1703,1730
Michigan,Iron County,1345,1579,1664,1855,1885
Michigan,Isabella County,1473,1730,1823,2033,2065
Michigan,Jackson County,1527,1794,1890,2107,2141
Michigan,Kalamazoo County,1732,2035,2144,2391,2429
Michigan,Kalkaska County,1395,1638,1726,1924,1956
Michigan,Kent County,1721,2021,2130,2375,2413
Michigan,Keweenaw County,1357,1593,1679,1872,1902
Michigan,Lake County,1351,1587,1672,1864,1894
Michigan,Lapeer County,1664,1954,2059,2296,2333
Michigan,Leelanau County,1946,2286,2409,2686,2729
Michigan,Lenawee County,1555,1826,1924,2145,2180
Michigan,Livingston County,2001,2350,2476,2761,2805
Michigan,Luce County,1254,1473,1552,1730,1758
Michigan,Mackinac County,1455,1709,1801,2008,2041
Michigan,Macomb County,1765,2073,2184,2435,2474
Michigan,Manistee County,1391,1633,1721,1919,1950
Michigan,Marquette County,1529,1796,1892,2110,2144
Michigan,Mason County,1530,1796,1893,2111,2145
Michigan,Mecosta County,1454,1708,1800,2007,2039
Michigan,Menominee County,1343,1577,1662,1853,1883
Michigan,Midland County,1602,1882,1983,2211,2247
Michigan,Missaukee County,1449,1702,1793,1999,2031
Michigan,Monroe County,1706,2004,2112,2355,2393
Michigan,Montcalm County,1505,1768,1863,2077,2111
Michigan,Montmorency County,1274,1497,1577,1758,1787
Michigan,Muskegon County,1490,1750,1844,2056,2089
Michigan,Newaygo County,1509,1772,1867,2082,2115
Michigan,Oakland County,2086,2450,2582,2879,2925
Michigan,Oceana County,1444,1696,1787,1993,2025
Michigan,Ogemaw County,1326,1557,1641,1830,1859
Michigan,Ontonagon County,1284,1508,1589,1772,1800
Michigan,Osceola County,1363,1601,1687,1881,1911
Michigan,Oscoda County,1251,1469,1548,1726,1754
Michigan,Otsego County,1477,1735,1828,2038,2071
Michigan,Ottawa County,1767,2075,2187,2439,2478
Michigan,Presque Isle County,1305,1533,1615,1801,1830
Michigan,Roscommon County,1328,1559,1643,1832,1862
Michigan,Saginaw County,1441,1692,1783,1988,2020
Michigan,St. Clair County,1627,1910,2013,2244,2281
Michigan,St. Joseph County,1468,1724,1817,2026,2059
Michigan,Sanilac County,1397,1641,1729,1928,1959
Michigan,Schoolcraft County,1367,1606,1692,1887,1917
Michigan,Shiawassee County,1505,1768,1863,2077,2111
Michigan,Tuscola County,1401,1646,1734,1933,1965
Michigan,Van Buren County,1550,1820,1918,2139,2173
Michigan,Washtenaw County,2191,2574,2712,3024,3073
Michigan,Wayne County,1702,1999,2106,2348,2386
Michigan,Wexford County,1452,1705,1797,2004,2036
Minnesota,Aitkin County,1639,1925,2028,2261,2298
Minnesota,Anoka County,2011,2362,2489,2775,2820
Minnesota,Becker County,1797,2111,2224,2480,2520
Minnesota,Beltrami County,1708,2006,2114,2357,2395
Minnesota,Benton County,1865,2190,2308,2573,2615
Minnesota,Big Stone County,1547,1816,1914,2134,2169
Minnesota,Blue Earth County,1772,2081,2193,2445,2485
Minnesota,Brown County,1540,1809,1906,2125,2159
Minnesota,Carlton County,1770,2078,2190,2442,2481
Minnesota,Carver County,2486,2920,3077,3431,3486
Minnesota,Cass County,1663,1953,2058,2295,2332
Minnesota,Chippewa County,1638,1924,2027,2260,2297
Minnesota,Chisago County,2047,2405,2534,2825,2871
Minnesota,Clay County,1914,2248,2369,2641,2684
Minnesota,Clearwater County,1599,1878,1979,2207,2242
Minnesota,Cook County,1838,2159,2275,2537,2578
Minnesota,Cottonwood County,1480,1739,1832,2043,2076
Minnesota,Crow Wing County,1730,2032,2141,2387,2426
Minnesota,Dakota County,2165,2542,2679,2987,3035
Minnesota,Dodge County,1951,2292,2415,2693,2736
Minnesota,Douglas County,1833,2153,2269,2530,2571
Minnesota,Faribault County,1439,1690,1781,1986,2018
Minnesota,Fillmore County,1650,1938,2042,2277,2314
Minnesota,Freeborn County,1475,1732,1825,2035,2068
Minnesota,Goodhue County,1930,2266,2388,2663,2706
Minnesota,Grant County,1572,1846,1945,2169,2204
Minnesota,Hennepin County,2273,2670,2813,3136,3187
Minnesota,Houston County,1802,2116,2230,2486,2527
Minnesota,Hubbard County,1753,2059,2170,2420,2459
Minnesota,Isanti County,1926,2262,2384,2658,2701
Minnesota,Itasca County,1634,1919,2022,2255,2291
Minnesota,Jackson County,1405,1650,1739,1939,1970
Minnesota,Kanabec County,1745,2050,2160,2408,2447
Minnesota,Kandiyohi County,1696,1992,2099,2340,2378
Minnesota,Kittson County,1476,1734,1827,2037,2070
Minnesota,Koochiching County,1374,1613,1700,1896,1926
Minnesota,Lac qui Parle County,1491,1751,1845,2057,2090
Minnesota,Lake County,1692,1987,2094,2335,2373
Minnesota,Lake of the Woods County,1557,1829,1927,2149,2183
Minnesota,Le Sueur County,1967,2311,2435,2715,2759
Minnesota,Lincoln County,1534,1801,1898,2116,2150
Minnesota,Lyon County,1601,1881,1982,2210,2246
Minnesota,McLeod County,1761,2069,2180,2431,2470
Minnesota,Mahnomen County,1491,1751,1845,2057,2090
Minnesota,Marshall County,1520,1785,1881,2097,2131
Minnesota,Martin County,1435,1685,1776,1980,2012
Minnesota,Meeker County,1731,2033,2142,2388,2427
Minnesota,Mille Lacs County,1826,2145,2260,2520,2561
Minnesota,Morrison County,1702,2000,2107,2349,2387
Minnesota,Mower County,1530,1797,1894,2112,2146
Minnesota,Murray County,1533,1800,1897,2115,2149
Minnesota,Nicollet County,1811,2127,2241,2499,2539
Minnesota,Nobles County,1595,1873,1974,2201,2237
Minnesota,Norman County,1437,1687,1778,1982,2014
Minnesota,Olmsted County,2025,2378,2506,2794,2839
Minnesota,Otter Tail County,1714,2013,2121,2365,2403
Minnesota,Pennington County,1597,1875,1976,2203,2239
Minnesota,Pine County,1693,1988,2095,2336,2374
Minnesota,Pipestone County,1345,1579,1664,1855,1885
Minnesota,Polk County,1733,2036,2145,2392,2430
Minnesota,Pope County,1713,2012,2120,2364,2402
Minnesota,Ramsey County,2033,2388,2516,2805,2851
Minnesota,Red Lake County,1581,1857,1957,2182,2217
Minnesota,Redwood County,1476,1734,1827,2037,2070
Minnesota,Renville County,1588,1865,1965,2191,2226
Minnesota,Rice County,1996,2344,2470,2754,2799
Minnesota,Rock County,1630,1914,2017,2249,2285
Minnesota,Roseau County,1580,1856,1956,2181,2216
Minnesota,St. Louis County,1682,1976,2082,2321,2359
Minnesota,Scott County,2336,2744,2891,3223,3276
Minnesota,Sherburne County,2098,2464,2596,2895,2941
Minnesota,Sibley County,1753,2059,2170,2420,2459
Minnesota,Stearns County,1801,2115,2229,2485,2525
Minnesota,Steele County,1774,2083,2195,2447,2487
Minnesota,Stevens County,1632,1917,2020,2252,2289
Minnesota,Swift County,1524,1790,1886,2103,2137
Minnesota,Todd County,1608,1889,1990,2219,2255
Minnesota,Traverse County,1454,1707,1799,2006,2038
Minnesota,Wabasha County,1858,2183,2300,2565,2606
Minnesota,Wadena County,1395,1638,1726,1924,1956
Minnesota,Waseca County,1635,1921,2024,2257,2293
Minnesota,Washington County,2290,2689,2834,3160,3211
Minnesota,Watonwan County,1593,1870,1971,2198,2233
Minnesota,Wilkin County,1509,1772,1867,2082,2115
Minnesota,Winona County,1669,1961,2066,2304,2341
Minnesota,Wright County,2139,2512,2647,2951,2999
Minnesota,Yellow Medicine County,1538,1806,1903,2122,2156
Mississippi,Adams County,1391,1634,1722,1920,1951
Mississippi,Alcorn County,1379,1620,1707,1903,1934
Mississippi,Amite County,1340,1573,1658,1849,1879
Mississippi,Attala County,1328,1559,1643,1832,1862
Mississippi,Benton County,1276,1498,1579,1761,1789
Mississippi,Bolivar County,1404,1649,1738,1938,1969
Mississippi,Calhoun County,1276,1498,1579,1761,1789
Mississippi,Carroll County,1339,1572,1657,1848,1877
Mississippi,Chickasaw County,1206,1417,1493,1665,1692
Mississippi,Choctaw County,1387,1629,1717,1914,1945
Mississippi,Claiborne County,1298,1525,1607,1792,1821
Mississippi,Clarke County,1479,1737,1830,2040,2073
Mississippi,Clay County,1345,1579,1664,1855,1885
Mississippi,Coahoma County,1392,1635,1723,1921,1952
Mississippi,Copiah County,1455,1709,1801,2008,2041
Mississippi,Covington County,1345,1579,1664,1855,1885
Mississippi,DeSoto County,1735,2038,2147,2394,2433
Mississippi,Forrest County,1521,1786,1882,2098,2132
Mississippi,Franklin County,1344,1578,1663,1854,1884
Mississippi,George County,1458,1712,1804,2011,2044
Mississippi,Greene County,1298,1525,1607,1792,1821
Mississippi,Grenada County,1298,1525,1607,1792,1821
Mississippi,Hancock County,1660,1950,2055,2291,2328
Mississippi,Harrison County,1613,1894,1996,2226,2261
Mississippi,Hinds County,1489,1749,1843,2055,2088
Mississippi,Holmes County,1173,1378,1452,1619,1645
Mississippi,Humphreys County,1324,1554,1638,1826,1856
Mississippi,Issaquena County,1936,2274,2396,2672,2715
Mississippi,Itawamba County,1319,1550,1633,1821,1850
Mississippi,Jackson County,1660,1949,2054,2290,2327
Mississippi,Jasper County,1331,1563,1647,1836,1866
Mississippi,Jefferson County,1225,1439,1516,1690,1718
Mississippi,Jefferson Davis County,1259,1479,1558,1737,1765
Mississippi,Jones County,1391,1634,1722,1920,1951
Mississippi,Kemper County,1405,1650,1739,1939,1970
Mississippi,Lafayette County,1854,2178,2295,2559,2600
Mississippi,Lamar County,1623,1907,2009,2240,2276
Mississippi,Lauderdale County,1427,1676,1766,1969,2001
Mississippi,Lawrence County,1252,1470,1549,1727,1755
Mississippi,Leake County,1376,1616,1703,1899,1929
Mississippi,Lee County,1476,1734,1827,2037,2070
Mississippi,Leflore County,1315,1545,1628,1815,1845
Mississippi,Lincoln County,1474,1731,1824,2034,2067
Mississippi,Lowndes County,1436,1686,1777,1981,2013
Mississippi,Madison County,1921,2257,2378,2651,2694
Mississippi,Marion County,1350,1586,1671,1863,1893
Mississippi,Marshall County,1518,1783,1879,2095,2129
Mississippi,Monroe County,1330,1562,1646,1835,1865
Mississippi,Montgomery County,1495,1756,1850,2063,2096
Mississippi,Neshoba County,1246,1463,1542,1719,1747
Mississippi,Newton County,1266,1487,1567,1747,1775
Mississippi,Noxubee County,1307,1535,1618,1804,1833
Mississippi,Oktibbeha County,1635,1920,2023,2256,2292
Mississippi,Panola County,1359,1596,1682,1875,1906
Mississippi,Pearl River County,1538,1806,1903,2122,2156
Mississippi,Perry County,1517,1781,1877,2093,2127
Mississippi,Pike County,1399,1644,1732,1931,1962
Mississippi,Pontotoc County,1395,1639,1727,1926,1957
Mississippi,Prentiss County,1237,1453,1531,1707,1735
Mississippi,Quitman County,1223,1436,1513,1687,1714
Mississippi,Rankin County,1681,1974,2080,2319,2357
Mississippi,Scott County,1222,1435,1512,1686,1713
Mississippi,Sharkey County,1648,1935,2039,2273,2310
Mississippi,Simpson County,1353,1590,1675,1868,1898
Mississippi,Smith County,1294,1520,1602,1786,1815
Mississippi,Stone County,1355,1591,1677,1870,1900
Mississippi,Sunflower County,1277,1499,1580,1762,1790
Mississippi,Tallahatchie County,1201,1411,1487,1658,1685
Mississippi,Tate County,1681,1975,2081,2320,2358
Mississippi,Tippah County,1324,1555,1639,1827,1857
Mississippi,Tishomingo County,1261,1481,1561,1741,1769
Mississippi,Tunica County,1458,1712,1804,2011,2044
Mississippi,Union County,1298,1525,1607,1792,1821
Mississippi,Walthall County,1391,1634,1722,1920,1951
Mississippi,Warren County,1549,1819,1917,2137,2172
Mississippi,Washington County,1411,1657,1746,1947,1978
Mississippi,Wayne County,1367,1606,1692,1887,1917
Mississippi,Webster County,1349,1585,1670,1862,1892
Mississippi,Wilkinson County,1176,1382,1456,1623,1650
Mississippi,Winston County,1339,1572,1657,1848,1877
Mississippi,Yalobusha County,1266,1487,1567,1747,1775
Mississippi,Yazoo County,1446,1698,1789,1995,2027
Missouri,Adair County,1328,1559,1643,1832,1862
Missouri,Andrew County,1543,1813,1910,2130,2164
Missouri,Atchison County,1298,1525,1607,1792,1821
Missouri,Audrain County,1213,1424,1501,1674,1701
Missouri,Barry County,1406,1651,1740,1940,1971
Missouri,Barton County,1349,1585,1670,1862,1892
Missouri,Bates County,1464,1720,1812,2020,2053
Missouri,Benton County,1340,1574,1659,1850,1880
Missouri,Bollinger County,1267,1488,1568,1748,1777
Missouri,Boone County,1740,2043,2153,2401,2439
Missouri,Buchanan County,1481,1740,1833,2044,2077
Missouri,Butler County,1266,1487,1567,1747,1775
Missouri,Caldwell County,1531,1798,1895,2113,2147
Missouri,Callaway County,1504,1767,1862,2076,2110
Missouri,Camden County,1659,1948,2053,2289,2326
Missouri,Cape Girardeau County,1554,1825,1923,2144,2179
Missouri,Carroll County,1210,1422,1498,1670,1697
Missouri,Carter County,1196,1405,1480,1650,1677
Missouri,Cass County,1847,2169,2286,2549,2590
Missouri,Cedar County,1469,1725,1818,2027,2060
Missouri,Chariton County,1315,1544,1627,1814,1843
Missouri,Christian County,1683,1977,2083,2323,2360
Missouri,Clark County,1412,1659,1748,1949,1980
Missouri,Clay County,1854,2177,2294,2558,2599
Missouri,Clinton County,1695,1991,2098,2339,2377
Missouri,Cole County,1564,1837,1936,2159,2193
Missouri,Cooper County,1434,1684,1775,1979,2011
Missouri,Crawford County,1388,1630,1718,1916,1946
Missouri,Dade County,1392,1635,1723,1921,1952
Missouri,Dallas County,1284,1508,1589,1772,1800
Missouri,Daviess County,1441,1693,1784,1989,2021
Missouri,DeKalb County,1538,1806,1903,2122,2156
Missouri,Dent County,1391,1634,1722,1920,1951
Missouri,Douglas County,1348,1583,1668,1860,1890
Missouri,Dunklin County,1252,1471,1550,1728,1756
Missouri,Franklin County,1571,1845,1944,2168,2203
Missouri,Gasconade County,1444,1696,1787,1993,2025
Missouri,Gentry County,1300,1527,1609,1794,1823
Missouri,Greene County,1518,1783,1879,2095,2129
Missouri,Grundy County,1266,1487,1567,1747,1775
Missouri,Harrison County,1397,1641,1729,1928,1959
Missouri,Henry County,1385,1627,1714,1911,1942
Missouri,Hickory County,1265,1485,1565,1745,1773
Missouri,Holt County,1325,1556,1640,1829,1858
Missouri,Howard County,1435,1685,1776,1980,2012
Missouri,Howell County,1297,1523,1605,1790,1818
Missouri,Iron County,1316,1546,1629,1816,1846
Missouri,Jackson County,1753,2058,2169,2418,2457
Missouri,Jasper County,1391,1634,1722,1920,1951
Missouri,Jefferson County,1659,1948,2053,2289,2326
Missouri,Johnson County,1622,1906,2008,2239,2275
Missouri,Knox County,1291,1517,1598,1782,1811
Missouri,Laclede County,1340,1574,1659,1850,1880
Missouri,Lafayette County,1521,1787,1883,2100,2133
Missouri,Lawrence County,1388,1630,1718,1916,1946
Missouri,Lewis County,1188,1395,1470,1639,1666
Missouri,Lincoln County,1638,1924,2027,2260,2297
Missouri,Linn County,1227,1441,1518,1693,1720
Missouri,Livingston County,1313,1542,1625,1812,1841
Missouri,McDonald County,1346,1581,1666,1858,1888
Missouri,Macon County,1292,1517,1599,1783,1812
Missouri,Madison County,1306,1534,1616,1802,1831
Missouri,Maries County,1427,1676,1766,1969,2001
Missouri,Marion County,1353,1590,1675,1868,1898
Missouri,Mercer County,1262,1482,1562,1742,1770
Missouri,Miller County,1343,1577,1662,1853,1883
Missouri,Mississippi County,1282,1506,1587,1770,1798
Missouri,Moniteau County,1444,1696,1787,1993,2025
Missouri,Monroe County,1387,1628,1716,1913,1944
Missouri,Montgomery County,1472,1729,1822,2032,2064
Missouri,Morgan County,1405,1650,1739,1939,1970
Missouri,New Madrid County,1327,1558,1642,1831,1860
Missouri,Newton County,1469,1725,1818,2027,2060
Missouri,Nodaway County,1468,1724,1817,2026,2059
Missouri,Oregon County,1265,1486,1566,1746,1774
Missouri,Osage County,1635,1921,2024,2257,2293
Missouri,Ozark County,1305,1533,1615,1801,1830
Missouri,Pemiscot County,1384,1626,1713,1910,1941
Missouri,Perry County,1425,1673,1763,1966,1997
Missouri,Pettis County,1384,1626,1713,1910,1941
Missouri,Phelps County,1532,1799,1896,2114,2148
Missouri,Pike County,1306,1534,1616,1802,1831
Missouri,Platte County,2055,2413,2543,2835,2881
Missouri,Polk County,1475,1732,1825,2035,2068
Missouri,Pulaski County,1517,1782,1878,2094,2128
Missouri,Putnam County,1296,1522,1604,1788,1817
Missouri,Ralls County,1376,1616,1703,1899,1929
Missouri,Randolph County,1374,1613,1700,1896,1926
Missouri,Ray County,1550,1820,1918,2139,2173
Missouri,Reynolds County,1310,1538,1621,1807,1837
Missouri,Ripley County,1189,1396,1471,1640,1667
Missouri,St. Charles County,1932,2269,2391,2666,2709
Missouri,St. Clair County,1366,1605,1691,1885,1916
Missouri,Ste. Genevieve County,1423,1671,1761,1964,1995
Missouri,St. Francois County,1372,1611,1698,1893,1924
Missouri,St. Louis County,1836,2156,2272,2533,2574
Missouri,Saline County,1340,1573,1658,1849,1879
Missouri,Schuyler County,1338,1572,1656,1846,1876
Missouri,Scotland County,1388,1630,1718,1916,1946
Missouri,Scott County,1337,1571,1655,1845,1875
Missouri,Shannon County,1305,1533,1615,1801,1830
Missouri,Shelby County,1242,1459,1537,1714,1741
Missouri,Stoddard County,1298,1524,1606,1791,1820
Missouri,Stone County,1590,1868,1968,2194,2230
Missouri,Sullivan County,1378,1619,1706,1902,1933
Missouri,Taney County,1493,1754,1848,2061,2094
Missouri,Texas County,1225,1439,1516,1690,1718
Missouri,Vernon County,1350,1586,1671,1863,1893
Missouri,Warren County,1607,1888,1989,2218,2254
Missouri,Washington County,1290,1516,1597,1781,1809
Missouri,Wayne County,1250,1468,1547,1725,1753
Missouri,Webster County,1527,1794,1890,2107,2141
Missouri,Worth County,1342,1576,1661,1852,1882
Missouri,Wright County,1285,1509,1590,1773,1801
Missouri,St. Louis city,1609,1889,1991,2220,2256
Montana,Beaverhead County,1590,1868,1968,2194,2230
Montana,Big Horn County,1629,1913,2016,2248,2284
Montana,Blaine County,1589,1867,1967,2193,2229
Montana,Broadwater County,1703,2000,2108,2350,2388
Montana,Carbon County,1825,2144,2259,2519,2559
Montana,Carter County,1617,1899,2001,2231,2267
Montana,Cascade County,1643,1929,2033,2267,2303
Montana,Chouteau County,1389,1631,1719,1917,1948
Montana,Custer County,1659,1948,2053,2289,2326
Montana,Daniels County,1594,1872,1973,2200,2235
Montana,Dawson County,1603,1883,1984,2212,2248
Montana,Deer Lodge County,1506,1769,1864,2078,2112
Montana,Fallon County,1602,1882,1983,2211,2247
Montana,Fergus County,1440,1691,1782,1987,2019
Montana,Flathead County,1961,2303,2427,2706,2750
Montana,Gallatin County,2288,2688,2832,3158,3209
Montana,Garfield County,1601,1880,1981,2209,2244
Montana,Glacier County,1341,1575,1660,1851,1881
Montana,Golden Valley County,1572,1846,1945,2169,2204
Montana,Granite County,1787,2099,2212,2466,2506
Montana,Hill County,1635,1920,2023,2256,2292
Montana,Jefferson County,1963,2306,2430,2709,2753
Montana,Judith Basin County,1485,1744,1838,2049,2082
Montana,Lake County,1871,2197,2315,2581,2623
Montana,Lewis and Clark County,1935,2273,2395,2670,2714
Montana,Liberty County,1509,1772,1867,2082,2115
Montana,Lincoln County,1571,1845,1944,2168,2203
Montana,McCone County,1790,2102,2215,2470,2510
Montana,Madison County,1816,2132,2247,2505,2546
Montana,Meagher County,1755,2061,2172,2422,2461
Montana,Mineral County,1694,1990,2097,2338,2376
Montana,Missoula County,2008,2358,2485,2771,2816
Montana,Musselshell County,1511,1775,1870,2085,2119
Montana,Park County,1889,2219,2338,2607,2649
Montana,Petroleum County,1725,2026,2135,2381,2419
Montana,Phillips County,1714,2013,2121,2365,2403
Montana,Pondera County,1465,1721,1813,2021,2054
Montana,Powder River County,1580,1856,1956,2181,2216
Montana,Powell County,1669,1960,2065,2302,2340
Montana,Prairie County,1432,1682,1772,1976,2008
Montana,Ravalli County,1743,2047,2157,2405,2444
Montana,Richland County,1916,2250,2371,2644,2686
Montana,Roosevelt County,1652,1940,2044,2279,2316
Montana,Rosebud County,1492,1753,1847,2059,2093
Montana,Sanders County,1551,1822,1920,2141,2175
Montana,Sheridan County,1452,1705,1797,2004,2036
Montana,Silver Bow County,1549,1819,1917,2137,2172
Montana,Stillwater County,1988,2335,2461,2744,2788
Montana,Sweet Grass County,1765,2073,2184,2435,2474
Montana,Teton County,1598,1877,1978,2205,2241
Montana,Toole County,1507,1770,1865,2079,2113
Montana,Treasure County,1898,2229,2349,2619,2661
Montana,Valley County,1694,1989,2096,2337,2375
Montana,Wheatland County,1530,1796,1893,2111,2145
Montana,Wibaux County,1356,1592,1678,1871,1901
Montana,Yellowstone County,1904,2237,2357,2628,2670
Nebraska,Adams County,1601,1881,1982,2210,2246
Nebraska,Antelope County,1446,1699,1790,1996,2028
Nebraska,Arthur County,1614,1896,1998,2228,2264
Nebraska,Banner County,1812,2128,2242,2500,2540
Nebraska,Blaine County,1556,1828,1926,2147,2182
Nebraska,Boone County,1592,1870,1970,2197,2232
Nebraska,Box Butte County,1530,1797,1894,2112,2146
Nebraska,Boyd County,1764,2072,2183,2434,2473
Nebraska,Brown County,1176,1381,1455,1622,1649
Nebraska,Buffalo County,1815,2131,2246,2504,2545
Nebraska,Burt County,1574,1849,1948,2172,2207
Nebraska,Butler County,1618,1901,2003,2233,2269
Nebraska,Cass County,1956,2298,2421,2699,2743
Nebraska,Cedar County,1509,1772,1867,2082,2115
Nebraska,Chase County,1472,1729,1822,2032,2064
Nebraska,Cherry County,1431,1681,1771,1975,2007
Nebraska,Cheyenne County,1599,1878,1979,2207,2242
Nebraska,Clay County,1487,1746,1840,2052,2085
Nebraska,Colfax County,1417,1665,1754,1956,1987
Nebraska,Cuming County,1599,1878,1979,2207,2242
Nebraska,Custer County,1533,1800,1897,2115,2149
Nebraska,Dakota County,1810,2126,2240,2498,2538
Nebraska,Dawes County,1391,1634,1722,1920,1951
Nebraska,Dawson County,1564,1837,1936,2159,2193
Nebraska,Deuel County,1458,1713,1805,2013,2045
Nebraska,Dixon County,1503,1765,1860,2074,2107
Nebraska,Dodge County,1642,1928,2032,2266,2302
Nebraska,Douglas County,1980,2325,2450,2732,2776
Nebraska,Dundy County,1214,1426,1503,1676,1703
Nebraska,Fillmore County,1413,1660,1749,1950,1982
Nebraska,Franklin County,1341,1575,1660,1851,1881
Nebraska,Frontier County,1546,1815,1913,2133,2167
Nebraska,Furnas County,1474,1731,1824,2034,2067
Nebraska,Gage County,1547,1817,1915,2135,2170
Nebraska,Garden County,1194,1403,1478,1648,1675
Nebraska,Garfield County,1534,1802,1899,2117,2152
Nebraska,Gosper County,1727,2028,2137,2383,2421
Nebraska,Grant County,1293,1518,1600,1784,1813
Nebraska,Greeley County,1526,1792,1888,2105,2139
Nebraska,Hall County,1734,2037,2146,2393,2431
Nebraska,Hamilton County,1683,1977,2083,2323,2360
Nebraska,Harlan County,1458,1713,1805,2013,2045
Nebraska,Hayes County,1798,2112,2225,2481,2521
Nebraska,Hitchcock County,1283,1507,1588,1771,1799
Nebraska,Holt County,1581,1857,1957,2182,2217
Nebraska,Hooker County,1476,1734,1827,2037,2070
Nebraska,Howard County,1509,1773,1868,2083,2116
Nebraska,Jefferson County,1488,1747,1841,2053,2086
Nebraska,Johnson County,1508,1771,1866,2081,2114
Nebraska,Kearney County,1697,1993,2100,2342,2379
Nebraska,Keith County,1485,1744,1838,2049,2082
Nebraska,Keya Paha County,1556,1828,1926,2147,2182
Nebraska,Kimball County,1458,1712,1804,2011,2044
Nebraska,Knox County,1395,1639,1727,1926,1957
Nebraska,Lancaster County,1841,2162,2278,2540,2581
Nebraska,Lincoln County,1636,1922,2025,2258,2294
Nebraska,Logan County,1754,2060,2171,2421,2460
Nebraska,Loup County,1615,1897,1999,2229,2265
Nebraska,McPherson County,1919,2254,2375,2648,2691
Nebraska,Madison County,1605,1886,1987,2216,2251
Nebraska,Merrick County,1508,1771,1866,2081,2114
Nebraska,Morrill County,1509,1772,1867,2082,2115
Nebraska,Nance County,1490,1750,1844,2056,2089
Nebraska,Nemaha County,1417,1665,1754,1956,1987
Nebraska,Nuckolls County,1394,1637,1725,1923,1954
Nebraska,Otoe County,1669,1961,2066,2304,2341
Nebraska,Pawnee County,1570,1844,1943,2166,2201
Nebraska,Perkins County,1352,1588,1673,1865,1896
Nebraska,Phelps County,1597,1876,1977,2204,2240
Nebraska,Pierce County,1660,1950,2055,2291,2328
Nebraska,Platte County,1723,2023,2132,2377,2416
Nebraska,Polk County,1615,1897,1999,2229,2265
Nebraska,Red Willow County,1484,1743,1837,2048,2081
Nebraska,Richardson County,1391,1634,1722,1920,1951
Nebraska,Rock County,1353,1589,1674,1867,1897
Nebraska,Saline County,1784,2095,2208,2462,2502
Nebraska,Sarpy County,2132,2504,2639,2942,2990
Nebraska,Saunders County,1875,2203,2321,2588,2630
Nebraska,Scotts Bluff County,1630,1914,2017,2249,2285
Nebraska,Seward County,1734,2037,2146,2393,2431
Nebraska,Sheridan County,1480,1739,1832,2043,2076
Nebraska,Sherman County,1359,1596,1682,1875,1906
Nebraska,Sioux County,1622,1906,2008,2239,2275
Nebraska,Stanton County,1559,1832,1930,2152,2187
Nebraska,Thayer County,1332,1565,1649,1839,1868
Nebraska,Thomas County,1181,1387,1462,1630,1656
Nebraska,Thurston County,1521,1786,1882,2098,2132
Nebraska,Valley County,1415,1662,1751,1952,1984
Nebraska,Washington County,1884,2213,2332,2600,2642
Nebraska,Wayne County,1547,1817,1915,2135,2170
Nebraska,Webster County,1435,1685,1776,1980,2012
Nebraska,Wheeler County,1810,2126,2240,2498,2538
Nebraska,York County,1563,1835,1934,2156,2191
Nevada,Churchill County,1857,2181,2298,2562,2604
Nevada,Clark County,1974,2318,2443,2724,2768
Nevada,Douglas County,2043,2400,2529,2820,2865
Nevada,Elko County,1875,2202,2320,2587,2629
Nevada,Esmeralda County,1487,1746,1840,2052,2085
Nevada,Eureka County,1710,2008,2116,2359,2397
Nevada,Humboldt County,1751,2056,2167,2416,2455
Nevada,Lander County,1558,1830,1928,2150,2184
Nevada,Lincoln County,1390,1632,1720,1918,1949
Nevada,Lyon County,1866,2191,2309,2575,2616
Nevada,Mineral County,1297,1523,1605,1790,1818
Nevada,Nye County,1695,1991,2098,2339,2377
Nevada,Pershing County,1575,1850,1949,2173,2208
Nevada,Storey County,1957,2298,2422,2701,2744
Nevada,Washoe County,2134,2506,2641,2945,2992
Nevada,White Pine County,1564,1837,1936,2159,2193
Nevada,Carson City,1928,2264,2386,2660,2703
New Hampshire,Belknap County,2136,2509,2644,2948,2996
New Hampshire,Carroll County,1958,2299,2423,2702,2745
New Hampshire,Cheshire County,1993,2341,2467,2751,2795
New Hampshire,Coos County,1583,1859,1959,2184,2220
New Hampshire,Grafton County,2098,2465,2597,2896,2942
New Hampshire,Hillsborough County,2422,2845,2998,3343,3397
New Hampshire,Merrimack County,2314,2718,2864,3193,3245
New Hampshire,Rockingham County,2564,3011,3173,3538,3595
New Hampshire,Strafford County,2281,2679,2823,3148,3198
New Hampshire,Sullivan County,1957,2298,2422,2701,2744
New Jersey,Atlantic County,2196,2579,2718,3031,3079
New Jersey,Bergen County,3360,3946,4158,4636,4711
New Jersey,Burlington County,2397,2816,2967,3308,3362
New Jersey,Camden County,2241,2632,2773,3092,3142
New Jersey,Cape May County,2236,2626,2767,3085,3135
New Jersey,Cumberland County,1939,2278,2400,2676,2719
New Jersey,Essex County,3168,3721,3921,4372,4442
New Jersey,Gloucester County,2330,2737,2884,3216,3268
New Jersey,Hudson County,3150,3699,3898,4346,4416
New Jersey,Hunterdon County,2967,3485,3672,4094,4160
New Jersey,Mercer County,2561,3008,3170,3535,3592
New Jersey,Middlesex County,2789,3276,3452,3849,3911
New Jersey,Monmouth County,2953,3469,3655,4075,4141
New Jersey,Morris County,3146,3694,3893,4341,4411
New Jersey,Ocean County,2324,2729,2876,3207,3259
New Jersey,Passaic County,2906,3413,3596,4010,4074
New Jersey,Salem County,2112,2481,2614,2915,2962
New Jersey,Somerset County,3027,3555,3746,4177,4244
New Jersey,Sussex County,2445,2872,3026,3374,3428
New Jersey,Union County,3067,3602,3796,4233,4301
New Jersey,Warren County,2308,2710,2856,3184,3236
New Mexico,Bernalillo County,1708,2006,2114,2357,2395
New Mexico,Catron County,1384,1626,1713,1910,1941
New Mexico,Chaves County,1479,1738,1831,2042,2075
New Mexico,Cibola County,1411,1657,1746,1947,1978
New Mexico,Colfax County,1419,1666,1756,1958,1990
New Mexico,Curry County,1590,1868,1968,2194,2230
New Mexico,DeBaca County,1866,2191,2309,2575,2616
New Mexico,Dona Ana County,1562,1834,1933,2155,2190
New Mexico,Eddy County,1677,1970,2076,2315,2352
New Mexico,Grant County,1393,1636,1724,1922,1953
New Mexico,Guadalupe County,1513,1777,1872,2087,2121
New Mexico,Harding County,1479,1737,1830,2040,2073
New Mexico,Hidalgo County,1176,1382,1456,1623,1650
New Mexico,Lea County,1782,2093,2206,2460,2499
New Mexico,Lincoln County,1594,1872,1973,2200,2235
New Mexico,Los Alamos County,2302,2704,2849,3177,3228
New Mexico,Luna County,1266,1487,1567,1747,1775
New Mexico,McKinley County,1457,1711,1803,2010,2043
New Mexico,Mora County,1534,1802,1899,2117,2152
New Mexico,Otero County,1416,1664,1753,1955,1986
New Mexico,Quay County,1138,1337,1409,1571,1596
New Mexico,Rio Arriba County,1539,1808,1905,2124,2158
New Mexico,Roosevelt County,1501,1763,1858,2072,2105
New Mexico,Sandoval County,1756,2062,2173,2423,2462
New Mexico,San Juan County,1610,1890,1992,2221,2257
New Mexico,San Miguel County,1541,1810,1907,2126,2161
New Mexico,Santa Fe County,1959,2301,2425,2704,2748
New Mexico,Sierra County,1291,1517,1598,1782,1811
New Mexico,Socorro County,1435,1685,1776,1980,2012
New Mexico,Taos County,1781,2092,2204,2457,2497
New Mexico,Torrance County,1401,1646,1734,1933,1965
New Mexico,Union County,1298,1524,1606,1791,1820
New Mexico,Valencia County,1517,1782,1878,2094,2128
New York,Albany County,2037,2392,2521,2811,2856
New York,Allegany County,1395,1639,1727,1926,1957
New York,Bronx County,2839,3334,3513,3917,3980
New York,Broome County,1536,1804,1901,2120,2154
New York,Cattaraugus County,1412,1659,1748,1949,1980
New York,Cayuga County,1647,1934,2038,2272,2309
New York,Chautauqua County,1353,1589,1674,1867,1897
New York,Chemung County,1471,1728,1821,2030,2063
New York,Chenango County,1536,1804,1901,2120,2154
New York,Clinton County,1676,1968,2074,2313,2350
New York,Columbia County,2011,2362,2489,2775,2820
New York,Cortland County,1645,1932,2036,2270,2307
New York,Delaware County,1567,1840,1939,2162,2197
New York,Dutchess County,2546,2990,3151,3513,3570
New York,Erie County,1715,2014,2122,2366,2404
New York,Essex County,1699,1996,2103,2345,2383
New York,Franklin County,1521,1787,1883,2100,2133
New York,Fulton County,1588,1865,1965,2191,2226
New York,Genesee County,1601,1880,1981,2209,2244
New York,Greene County,1972,2317,2441,2722,2766
New York,Hamilton County,1561,1833,1932,2154,2189
New York,Herkimer County,1475,1732,1825,2035,2068
New York,Jefferson County,1660,1950,2055,2291,2328
New York,Kings County,3356,3941,4153,4631,4705
New York,Lewis County,1543,1813,1910,2130,2164
New York,Livingston County,1668,1959,2064,2301,2339
New York,Madison County,1711,2010,2118,2362,2400
New York,Monroe County,1763,2071,2182,2433,2472
New York,Montgomery County,1648,1935,2039,2273,2310
New York,Nassau County,3571,4194,4419,4927,5007
New York,New York County,4350,5109,5384,6003,6100
New York,Niagara County,1642,1928,2032,2266,2302
New York,Oneida County,1637,1923,2026,2259,2295
New York,Onondaga County,1734,2037,2146,2393,2431
New York,Ontario County,1771,2080,2192,2444,2484
New York,Orange County,2603,3057,3221,3591,3649
New York,Orleans County,1588,1865,1965,2191,2226
New York,Oswego County,1612,1893,1995,2224,2260
New York,Otsego County,1672,1963,2069,2307,2344
New York,Putnam County,2998,3521,3710,4137,4203
New York,Queens County,2974,3493,3681,4104,4171
New York,Rensselaer County,1988,2335,2460,2743,2787
New York,Richmond County,2876,3378,3560,3969,4033
New York,Rockland County,3440,4040,4257,4747,4823
New York,St. Lawrence County,1469,1725,1818,2027,2060
New York,Saratoga County,2114,2483,2616,2917,2964
New York,Schenectady County,1933,2270,2392,2667,2710
New York,Schoharie County,1729,2031,2140,2386,2425
New York,Schuyler County,1687,1982,2088,2328,2366
New York,Seneca County,1544,1814,1911,2131,2165
New York,Steuben County,1570,1844,1943,2166,2201
New York,Suffolk County,3167,3719,3919,4370,4440
New York,Sullivan County,1992,2339,2465,2748,2793
New York,Tioga County,1664,1954,2059,2296,2333
New York,Tompkins County,2074,2436,2567,2862,2908
New York,Ulster County,2283,2681,2825,3150,3201
New York,Warren County,1833,2152,2268,2529,2570
New York,Washington County,1711,2010,2118,2362,2400
New York,Wayne County,1648,1936,2040,2275,2311
New York,Westchester County,3745,4399,4635,5168,5251
New York,Wyoming County,1561,1833,1932,2154,2189
New York,Yates County,1554,1825,1923,2144,2179
North Carolina,Alamance County,1562,1834,1933,2155,2190
North Carolina,Alexander County,1374,1614,1701,1897,1927
North Carolina,Alleghany County,1412,1658,1747,1948,1979
North Carolina,Anson County,1396,1640,1728,1927,1958
North Carolina,Ashe County,1478,1736,1829,2039,2072
North Carolina,Avery County,1424,1672,1762,1965,1996
North Carolina,Beaufort County,1582,1858,1958,2183,2218
North Carolina,Bertie County,1437,1687,1778,1982,2014
North Carolina,Bladen County,1430,1680,1770,1974,2005
North Carolina,Brunswick County,1764,2072,2183,2434,2473
North Carolina,Buncombe County,1859,2184,2301,2566,2607
North Carolina,Burke County,1378,1619,1706,1902,1933
North Carolina,Cabarrus County,1878,2205,2324,2591,2633
North Carolina,Caldwell County,1354,1591,1676,1869,1899
North Carolina,Camden County,1907,2240,2360,2631,2674
North Carolina,Carteret County,1854,2178,2295,2559,2600
North Carolina,Caswell County,1435,1685,1776,1980,2012
North Carolina,Catawba County,1483,1742,1836,2047,2080
North Carolina,Chatham County,2143,2517,2652,2957,3005
North Carolina,Cherokee County,1397,1641,1729,1928,1959
North Carolina,Chowan County,1614,1896,1998,2228,2264
North Carolina,Clay County,1597,1875,1976,2203,2239
North Carolina,Cleveland County,1410,1656,1745,1946,1977
North Carolina,Columbus County,1399,1644,1732,1931,1962
North Carolina,Craven County,1578,1853,1953,2178,2213
North Carolina,Cumberland County,1624,1907,2010,2241,2277
North Carolina,Currituck County,1995,2343,2469,2753,2797
North Carolina,Dare County,2086,2450,2582,2879,2925
North Carolina,Davidson County,1493,1754,1848,2061,2094
North Carolina,Davie County,1608,1889,1990,2219,2255
North Carolina,Duplin County,1467,1722,1815,2024,2056
North Carolina,Durham County,1890,2220,2339,2608,2650
North Carolina,Edgecombe County,1406,1651,1740,1940,1971
North Carolina,Forsyth County,1617,1899,2001,2231,2267
North Carolina,Franklin County,1721,2021,2130,2375,2413
North Carolina,Gaston County,1611,1892,1994,2223,2259
North Carolina,Gates County,1551,1822,1920,2141,2175
North Carolina,Graham County,1295,1521,1603,1787,1816
North Carolina,Granville County,1656,1945,2050,2286,2323
North Carolina,Greene County,1330,1562,1646,1835,1865
North Carolina,Guilford County,1648,1935,2039,2273,2310
North Carolina,Halifax County,1366,1604,1690,1884,1915
North Carolina,Harnett County,1697,1993,2100,2342,2379
North Carolina,Haywood County,1572,1846,1945,2169,2204
North Carolina,Henderson County,1709,2007,2115,2358,2396
North Carolina,Hertford County,1434,1684,1775,1979,2011
North Carolina,Hoke County,1593,1871,1972,2199,2234
North Carolina,Hyde County,1512,1776,1871,2086,2120
North Carolina,Iredell County,1799,2113,2227,2483,2523
North Carolina,Jackson County,1534,1802,1899,2117,2152
North Carolina,Johnston County,1757,2064,2175,2425,2464
North Carolina,Jones County,1431,1681,1771,1975,2007
North Carolina,Lee County,1572,1847,1946,2170,2205
North Carolina,Lenoir County,1393,1636,1724,1922,1953
North Carolina,Lincoln County,1718,2018,2126,2370,2409
North Carolina,McDowell County,1328,1560,1644,1833,1863
North Carolina,Macon County,1402,1647,1735,1935,1966
North Carolina,Madison County,1673,1965,2071,2309,2346
North Carolina,Martin County,1424,1672,1762,1965,1996
North Carolina,Mecklenburg County,1951,2292,2415,2693,2736
North Carolina,Mitchell County,1425,1674,1764,1967,1999
North Carolina,Montgomery County,1517,1782,1878,2094,2128
North Carolina,Moore County,1855,2179,2296,2560,2601
North Carolina,Nash County,1504,1766,1861,2075,2109
North Carolina,New Hanover County,1947,2287,2410,2687,2731
North Carolina,Northampton County,1391,1634,1722,1920,1951
North Carolina,Onslow County,1643,1930,2034,2268,2305
North Carolina,Orange County,2231,2620,2761,3079,3128
North Carolina,Pamlico County,1593,1870,1971,2198,2233
North Carolina,Pasquotank County,1663,1953,2058,2295,2332
North Carolina,Pender County,1849,2171,2288,2551,2592
North Carolina,Perquimans County,1700,1997,2104,2346,2384
North Carolina,Person County,1526,1792,1888,2105,2139
North Carolina,Pitt County,1589,1866,1966,2192,2227
North Carolina,Polk County,1545,1814,1912,2132,2166
North Carolina,Randolph County,1411,1657,1746,1947,1978
North Carolina,Richmond County,1335,1568,1652,1842,1872
North Carolina,Robeson County,1340,1574,1659,1850,1880
North Carolina,Rockingham County,1374,1613,1700,1896,1926
North Carolina,Rowan County,1556,1828,1926,2147,2182
North Carolina,Rutherford County,1383,1625,1712,1909,1940
North Carolina,Sampson County,1396,1640,1728,1927,1958
North Carolina,Scotland County,1388,1630,1718,1916,1946
North Carolina,Stanly County,1549,1819,1917,2137,2172
North Carolina,Stokes County,1418,1665,1755,1957,1988
North Carolina,Surry County,1406,1651,1740,1940,1971
North Carolina,Swain County,1438,1689,1780,1985,2017
North Carolina,Transylvania County,1676,1968,2074,2313,2350
North Carolina,Tyrrell County,1505,1768,1863,2077,2111
North Carolina,Union County,1992,2339,2465,2748,2793
North Carolina,Vance County,1454,1707,1799,2006,2038
North Carolina,Wake County,2139,2512,2647,2951,2999
North Carolina,Warren County,1487,1746,1840,2052,2085
North Carolina,Washington County,1361,1599,1685,1879,1909
North Carolina,Watauga County,1760,2067,2178,2428,2468
North Carolina,Wayne County,1504,1766,1861,2075,2109
North Carolina,Wilkes County,1320,1551,1634,1822,1851
North Carolina,Wilson County,1520,1785,1881,2097,2131
North Carolina,Yadkin County,1342,1576,1661,1852,1882
North Carolina,Yancey County,1513,1777,1873,2088,2122
North Dakota,Adams County,1536,1804,1901,2120,2154
North Dakota,Barnes County,1497,1758,1853,2066,2099
North Dakota,Benson County,1728,2030,2139,2385,2423
North Dakota,Billings County,2054,2412,2542,2834,2880
North Dakota,Bottineau County,1563,1835,1934,2156,2191
North Dakota,Bowman County,1500,1762,1857,2071,2104
North Dakota,Burke County,1484,1743,1837,2048,2081
North Dakota,Burleigh County,1961,2303,2427,2706,2750
North Dakota,Cass County,1938,2276,2398,2674,2717
North Dakota,Cavalier County,1467,1722,1815,2024,2056
North Dakota,Dickey County,1529,1796,1892,2110,2144
North Dakota,Divide County,1612,1893,1995,2224,2260
North Dakota,Dunn County,1687,1982,2088,2328,2366
North Dakota,Eddy County,1318,1548,1631,1819,1848
North Dakota,Emmons County,1482,1740,1834,2045,2078
North Dakota,Foster County,1371,1610,1697,1892,1923
North Dakota,Golden Valley County,1501,1763,1858,2072,2105
North Dakota,Grand Forks County,1836,2156,2272,2533,2574
North Dakota,Grant County,1384,1626,1713,1910,1941
North Dakota,Griggs County,1338,1572,1656,1846,1876
North Dakota,Hettinger County,1396,1640,1728,1927,1958
North Dakota,Kidder County,1442,1694,1785,1990,2022
North Dakota,LaMoure County,1483,1742,1836,2047,2080
North Dakota,Logan County,1366,1605,1691,1885,1916
North Dakota,McHenry County,1567,1840,1939,2162,2197
North Dakota,McIntosh County,1297,1523,1605,1790,1818
North Dakota,McKenzie County,2298,2699,2844,3171,3222
North Dakota,McLean County,1718,2018,2126,2370,2409
North Dakota,Mercer County,1783,2094,2207,2461,2501
North Dakota,Morton County,1858,2183,2300,2565,2606
North Dakota,Mountrail County,1795,2109,2222,2478,2518
North Dakota,Nelson County,1504,1767,1862,2076,2110
North Dakota,Oliver County,1863,2188,2306,2571,2613
North Dakota,Pembina County,1372,1611,1698,1893,1924
North Dakota,Pierce County,1420,1667,1757,1959,1991
North Dakota,Ramsey County,1656,1945,2049,2285,2322
North Dakota,Ransom County,1637,1923,2026,2259,2295
North Dakota,Renville County,1694,1989,2096,2337,2375
North Dakota,Richland County,1683,1977,2083,2323,2360
North Dakota,Rolette County,1476,1734,1827,2037,2070
North Dakota,Sargent County,1559,1832,1930,2152,2187
North Dakota,Sheridan County,1395,1639,1727,1926,1957
North Dakota,Sioux County,1458,1712,1804,2011,2044
North Dakota,Slope County,2255,2649,2791,3112,3162
North Dakota,Stark County,1946,2285,2408,2685,2728
North Dakota,Steele County,1605,1886,1987,2216,2251
North Dakota,Stutsman County,1704,2001,2109,2352,2389
North Dakota,Towner County,1447,1700,1791,1997,2029
North Dakota,Traill County,1695,1991,2098,2339,2377
North Dakota,Walsh County,1391,1633,1721,1919,1950
North Dakota,Ward County,1960,2302,2426,2705,2749
North Dakota,Wells County,1525,1791,1887,2104,2138
North Dakota,Williams County,2069,2430,2561,2856,2902
Ohio,Adams County,1394,1637,1725,1923,1954
Ohio,Allen County,1409,1655,1744,1945,1976
Ohio,Ashland County,1390,1632,1720,1918,1949
Ohio,Ashtabula County,1399,1644,1732,1931,1962
Ohio,Athens County,1543,1813,1910,2130,2164
Ohio,Auglaize County,1462,1717,1809,2017,2050
Ohio,Belmont County,1387,1629,1717,1914,1945
Ohio,Brown County,1502,1764,1859,2073,2106
Ohio,Butler County,1774,2084,2196,2449,2488
Ohio,Carroll County,1500,1761,1856,2069,2103
Ohio,Champaign County,1508,1771,1866,2081,2114
Ohio,Clark County,1428,1677,1767,1970,2002
Ohio,Clermont County,1785,2096,2209,2463,2503
Ohio,Clinton County,1501,1763,1858,2072,2105
Ohio,Columbiana County,1370,1610,1696,1891,1922
Ohio,Coshocton County,1368,1607,1693,1888,1918
Ohio,Crawford County,1273,1495,1575,1756,1784
Ohio,Cuyahoga County,1693,1988,2095,2336,2374
Ohio,Darke County,1422,1670,1760,1962,1994
Ohio,Defiance County,1388,1630,1718,1916,1946
Ohio,Delaware County,2486,2920,3077,3431,3486
Ohio,Erie County,1525,1791,1887,2104,2138
Ohio,Fairfield County,1838,2159,2275,2537,2578
Ohio,Fayette County,1408,1653,1742,1942,1974
Ohio,Franklin County,1875,2202,2320,2587,2629
Ohio,Fulton County,1507,1770,1865,2079,2113
Ohio,Gallia County,1477,1735,1828,2038,2071
Ohio,Geauga County,2034,2389,2517,2806,2852
Ohio,Greene County,1807,2122,2236,2493,2533
Ohio,Guernsey County,1407,1652,1741,1941,1973
Ohio,Hamilton County,1782,2093,2205,2459,2498
Ohio,Hancock County,1559,1832,1930,2152,2187
Ohio,Hardin County,1421,1669,1759,1961,1993
Ohio,Harrison County,1290,1515,1596,1780,1808
Ohio,Henry County,1468,1724,1817,2026,2059
Ohio,Highland County,1415,1662,1751,1952,1984
Ohio,Hocking County,1526,1793,1889,2106,2140
Ohio,Holmes County,1575,1850,1949,2173,2208
Ohio,Huron County,1392,1635,1723,1921,1952
Ohio,Jackson County,1404,1649,1738,1938,1969
Ohio,Jefferson County,1342,1576,1661,1852,1882
Ohio,Knox County,1643,1929,2033,2267,2303
Ohio,Lake County,1633,1918,2021,2253,2290
Ohio,Lawrence County,1408,1654,1743,1943,1975
Ohio,Licking County,1799,2112,2226,2482,2522
Ohio,Logan County,1483,1742,1836,2047,2080
Ohio,Lorain County,1654,1943,2047,2282,2319
Ohio,Lucas County,1542,1811,1908,2127,2162
Ohio,Madison County,1703,2000,2108,2350,2388
Ohio,Mahoning County,1406,1651,1740,1940,1971
Ohio,Marion County,1425,1674,1764,1967,1999
Ohio,Medina County,1827,2146,2261,2521,2562
Ohio,Meigs County,1315,1544,1627,1814,1843
Ohio,Mercer County,1495,1756,1850,2063,2096
Ohio,Miami County,1593,1870,1971,2198,2233
Ohio,Monroe County,1302,1529,1611,1796,1825
Ohio,Montgomery County,1580,1855,1955,2180,2215
Ohio,Morgan County,1426,1675,1765,1968,2000
Ohio,Morrow County,1635,1920,2023,2256,2292
Ohio,Muskingum County,1461,1716,1808,2016,2048
Ohio,Noble County,1353,1590,1675,1868,1898
Ohio,Ottawa County,1597,1876,1977,2204,2240
Ohio,Paulding County,1334,1567,1651,1841,1871
Ohio,Perry County,1547,1817,1915,2135,2170
Ohio,Pickaway County,1817,2134,2249,2508,2548
Ohio,Pike County,1481,1740,1833,2044,2077
Ohio,Portage County,1700,1997,2104,2346,2384
Ohio,Preble County,1441,1693,1784,1989,2021
Ohio,Putnam County,1539,1808,1905,2124,2158
Ohio,Richland County,1391,1633,1721,1919,1950
Ohio,Ross County,1464,1720,1812,2020,2053
Ohio,Sandusky County,1383,1625,1712,1909,1940
Ohio,Scioto County,1441,1692,1783,1988,2020
Ohio,Seneca County,1380,1621,1708,1904,1935
Ohio,Shelby County,1526,1793,1889,2106,2140
Ohio,Stark County,1492,1752,1846,2058,2092
Ohio,Summit County,1607,1888,1989,2218,2254
Ohio,Trumbull County,1327,1558,1642,1831,1860
Ohio,Tuscarawas County,1479,1737,1830,2040,2073
Ohio,Union County,2035,2391,2519,2809,2854
Ohio,Van Wert County,1298,1525,1607,1792,1821
Ohio,Vinton County,1467,1723,1816,2025,2058
Ohio,Warren County,2040,2396,2525,2815,2861
Ohio,Washington County,1441,1693,1784,1989,2021
Ohio,Wayne County,1581,1857,1957,2182,2217
Ohio,Williams County,1343,1577,1662,1853,1883
Ohio,Wood County,1741,2045,2155,2403,2442
Ohio,Wyandot County,1445,1697,1788,1994,2026
Oklahoma,Adair County,1250,1468,1547,1725,1753
Oklahoma,Alfalfa County,1304,1532,1614,1800,1829
Oklahoma,Atoka County,1489,1749,1843,2055,2088
Oklahoma,Beaver County,1556,1828,1926,2147,2182
Oklahoma,Beckham County,1390,1632,1720,1918,1949
Oklahoma,Blaine County,1383,1625,1712,1909,1940
Oklahoma,Bryan County,1487,1746,1840,2052,2085
Oklahoma,Caddo County,1332,1565,1649,1839,1868
Oklahoma,Canadian County,1820,2137,2252,2511,2552
Oklahoma,Carter County,1576,1851,1950,2174,2209
Oklahoma,Cherokee County,1422,1670,1760,1962,1994
Oklahoma,Choctaw County,1345,1579,1664,1855,1885
Oklahoma,Cimarron County,1458,1712,1804,2011,2044
Oklahoma,Cleveland County,1770,2079,2191,2443,2482
Oklahoma,Coal County,1276,1498,1579,1761,1789
Oklahoma,Comanche County,1537,1805,1902,2121,2155
Oklahoma,Cotton County,1366,1605,1691,1885,1916
Oklahoma,Craig County,1374,1614,1701,1897,1927
Oklahoma,Creek County,1552,1823,1921,2142,2176
Oklahoma,Custer County,1660,1950,2055,2291,2328
Oklahoma,Delaware County,1429,1678,1768,1971,2003
Oklahoma,Dewey County,1403,1648,1737,1937,1968
Oklahoma,Ellis County,1389,1631,1719,1917,1948
Oklahoma,Garfield County,1525,1791,1887,2104,2138
Oklahoma,Garvin County,1450,1703,1794,2000,2033
Oklahoma,Grady County,1652,1941,2045,2280,2317
Oklahoma,Grant County,1357,1594,1680,1873,1903
Oklahoma,Greer County,1417,1665,1754,1956,1987
Oklahoma,Harmon County,1287,1512,1593,1776,1805
Oklahoma,Harper County,1424,1672,1762,1965,1996
Oklahoma,Haskell County,1328,1559,1643,1832,1862
Oklahoma,Hughes County,1319,1549,1632,1820,1849
Oklahoma,Jackson County,1622,1905,2007,2238,2274
Oklahoma,Jefferson County,1231,1445,1523,1698,1726
Oklahoma,Johnston County,1324,1555,1639,1827,1857
Oklahoma,Kay County,1409,1655,1744,1945,1976
Oklahoma,Kingfisher County,1603,1883,1984,2212,2248
Oklahoma,Kiowa County,1318,1548,1631,1819,1848
Oklahoma,Latimer County,1252,1470,1549,1727,1755
Oklahoma,Le Flore County,1314,1543,1626,1813,1842
Oklahoma,Lincoln County,1470,1726,1819,2028,2061
Oklahoma,Logan County,1840,2161,2277,2539,2580
Oklahoma,Love County,1450,1703,1794,2000,2033
Oklahoma,McClain County,1874,2201,2319,2586,2627
Oklahoma,McCurtain County,1361,1599,1685,1879,1909
Oklahoma,McIntosh County,1392,1635,1723,1921,1952
Oklahoma,Major County,1530,1796,1893,2111,2145
Oklahoma,Marshall County,1466,1721,1814,2023,2055
Oklahoma,Mayes County,1509,1773,1868,2083,2116
Oklahoma,Murray County,1478,1736,1829,2039,2072
Oklahoma,Muskogee County,1421,1669,1759,1961,1993
Oklahoma,Noble County,1442,1694,1785,1990,2022
Oklahoma,Nowata County,1389,1631,1719,1917,1948
Oklahoma,Okfuskee County,1292,1517,1599,1783,1812
Oklahoma,Oklahoma County,1769,2077,2189,2441,2480
Oklahoma,Okmulgee County,1382,1623,1710,1907,1937
Oklahoma,Osage County,1581,1857,1957,2182,2217
Oklahoma,Ottawa County,1311,1540,1623,1810,1839
Oklahoma,Pawnee County,1486,1745,1839,2050,2084
Oklahoma,Payne County,1792,2105,2218,2473,2513
Oklahoma,Pittsburg County,1407,1652,1741,1941,1973
Oklahoma,Pontotoc County,1491,1751,1845,2057,2090
Oklahoma,Pottawatomie County,1466,1721,1814,2023,2055
Oklahoma,Pushmataha County,1294,1520,1602,1786,1815
Oklahoma,Roger Mills County,1388,1630,1718,1916,1946
Oklahoma,Rogers County,1701,1998,2105,2347,2385
Oklahoma,Seminole County,1307,1535,1618,1804,1833
Oklahoma,Sequoyah County,1324,1555,1639,1827,1857
Oklahoma,Stephens County,1458,1713,1805,2013,2045
Oklahoma,Texas County,1567,1840,1939,2162,2197
Oklahoma,Tillman County,1294,1519,1601,1785,1814
Oklahoma,Tulsa County,1744,2049,2159,2407,2446
Oklahoma,Wagoner County,1675,1967,2073,2311,2349
Oklahoma,Washington County,1542,1812,1909,2129,2163
Oklahoma,Washita County,1348,1583,1668,1860,1890
Oklahoma,Woods County,1441,1693,1784,1989,2021
Oklahoma,Woodward County,1540,1809,1906,2125,2159
Oregon,Baker County,1552,1823,1921,2142,2176
Oregon,Benton County,2159,2536,2672,2979,3027
Oregon,Clackamas County,2509,2947,3105,3462,3518
Oregon,Clatsop County,2025,2378,2506,2794,2839
Oregon,Columbia County,1938,2277,2399,2675,2718
Oregon,Coos County,1724,2025,2134,2379,2418
Oregon,Crook County,1986,2333,2458,2741,2785
Oregon,Curry County,1882,2210,2329,2597,2639
Oregon,Deschutes County,2234,2624,2765,3083,3133
Oregon,Douglas County,1656,1945,2049,2285,2322
Oregon,Gilliam County,1534,1801,1898,2116,2150
Oregon,Grant County,1528,1795,1891,2108,2143
Oregon,Harney County,1567,1840,1939,2162,2197
Oregon,Hood River County,2332,2739,2886,3218,3270
Oregon,Jackson County,1980,2325,2450,2732,2776
Oregon,Jefferson County,1873,2200,2318,2585,2626
Oregon,Josephine County,1889,2219,2338,2607,2649
Oregon,Klamath County,1580,1856,1956,2181,2216
Oregon,Lake County,1535,1803,1900,2119,2153
Oregon,Lane County,1992,2339,2465,2748,2793
Oregon,Lincoln County,1853,2176,2293,2557,2598
Oregon,Linn County,1864,2189,2307,2572,2614
Oregon,Malheur County,1592,1870,1970,2197,2232
Oregon,Marion County,2000,2349,2475,2760,2804
Oregon,Morrow County,1458,1712,1804,2011,2044
Oregon,Multnomah County,2433,2857,3011,3357,3411
Oregon,Polk County,2115,2484,2618,2919,2966
Oregon,Sherman County,1435,1685,1776,1980,2012
Oregon,Tillamook County,1895,2225,2345,2615,2657
Oregon,Umatilla County,1729,2031,2140,2386,2425
Oregon,Union County,1612,1893,1995,2224,2260
Oregon,Wallowa County,1743,2047,2157,2405,2444
Oregon,Wasco County,1774,2084,2196,2449,2488
Oregon,Washington County,2438,2863,3017,3364,3418
Oregon,Wheeler County,1587,1864,1964,2190,2225
Oregon,Yamhill County,2112,2481,2614,2915,2962
Pennsylvania,Adams County,1852,2175,2292,2556,2597
Pennsylvania,Allegheny County,1771,2080,2192,2444,2484
Pennsylvania,Armstrong County,1393,1636,1724,1922,1953
Pennsylvania,Beaver County,1560,1833,1931,2153,2188
Pennsylvania,Bedford County,1454,1708,1800,2007,2039
Pennsylvania,Berks County,1869,2195,2313,2579,2621
Pennsylvania,Blair County,1404,1649,1738,1938,1969
Pennsylvania,Bradford County,1508,1771,1866,2081,2114
Pennsylvania,Bucks County,2421,2843,2996,3341,3394
Pennsylvania,Butler County,1907,2240,2360,2631,2674
Pennsylvania,Cambria County,1358,1595,1681,1874,1905
Pennsylvania,Cameron County,1204,1414,1490,1661,1688
Pennsylvania,Carbon County,1643,1930,2034,2268,2305
Pennsylvania,Centre County,1927,2263,2385,2659,2702
Pennsylvania,Chester County,2612,3068,3233,3605,3663
Pennsylvania,Clarion County,1367,1606,1692,1887,1917
Pennsylvania,Clearfield County,1378,1619,1706,1902,1933
Pennsylvania,Clinton County,1497,1758,1853,2066,2099
Pennsylvania,Columbia County,1567,1840,1939,2162,2197
Pennsylvania,Crawford County,1367,1606,1692,1887,1917
Pennsylvania,Cumberland County,1871,2197,2315,2581,2623
Pennsylvania,Dauphin County,1750,2056,2166,2415,2454
Pennsylvania,Delaware County,2238,2629,2770,3089,3138
Pennsylvania,Elk County,1307,1535,1618,1804,1833
Pennsylvania,Erie County,1523,1789,1885,2102,2136
Pennsylvania,Fayette County,1392,1635,1723,1921,1952
Pennsylvania,Forest County,1197,1405,1481,1651,1678
Pennsylvania,Franklin County,1752,2057,2168,2417,2456
Pennsylvania,Fulton County,1567,1840,1939,2162,2197
Pennsylvania,Greene County,1416,1663,1752,1953,1985
Pennsylvania,Huntingdon County,1475,1732,1825,2035,2068
Pennsylvania,Indiana County,1415,1662,1751,1952,1984
Pennsylvania,Jefferson County,1290,1516,1597,1781,1809
Pennsylvania,Juniata County,1530,1797,1894,2112,2146
Pennsylvania,Lackawanna County,1647,1934,2038,2272,2309
Pennsylvania,Lancaster County,1884,2213,2332,2600,2642
Pennsylvania,Lawrence County,1435,1685,1776,1980,2012
Pennsylvania,Lebanon County,1724,2025,2134,2379,2418
Pennsylvania,Lehigh County,1941,2279,2402,2678,2721
Pennsylvania,Luzerne County,1593,1870,1971,2198,2233
Pennsylvania,Lycoming County,1617,1899,2001,2231,2267
Pennsylvania,McKean County,1313,1542,1625,1812,1841
Pennsylvania,Mercer County,1415,1662,1751,1952,1984
Pennsylvania,Mifflin County,1380,1621,1708,1904,1935
Pennsylvania,Monroe County,1914,2248,2369,2641,2684
Pennsylvania,Montgomery County,2425,2848,3001,3346,3400
Pennsylvania,Montour County,1803,2118,2232,2489,2529
Pennsylvania,Northampton County,2002,2352,2478,2763,2808
Pennsylvania,Northumberland County,1444,1696,1787,1993,2025
Pennsylvania,Perry County,1730,2032,2141,2387,2426
Pennsylvania,Philadelphia County,1724,2025,2134,2379,2418
Pennsylvania,Pike County,1837,2158,2274,2536,2576
Pennsylvania,Potter County,1366,1605,1691,1885,1916
Pennsylvania,Schuylkill County,1496,1757,1851,2064,2097
Pennsylvania,Snyder County,1547,1816,1914,2134,2169
Pennsylvania,Somerset County,1416,1664,1753,1955,1986
Pennsylvania,Sullivan County,1588,1865,1965,2191,2226
Pennsylvania,Susquehanna County,1585,1862,1962,2188,2223
Pennsylvania,Tioga County,1550,1820,1918,2139,2173
Pennsylvania,Union County,1720,2020,2129,2374,2412
Pennsylvania,Venango County,1315,1545,1628,1815,1845
Pennsylvania,Warren County,1334,1567,1651,1841,1871
Pennsylvania,Washington County,1714,2013,2121,2365,2403
Pennsylvania,Wayne County,1743,2047,2157,2405,2444
Pennsylvania,Westmoreland County,1573,1848,1947,2171,2206
Pennsylvania,Wyoming County,1635,1921,2024,2257,2293
Pennsylvania,York County,1839,2160,2276,2538,2579
Rhode Island,Bristol County,2471,2902,3058,3410,3465
Rhode Island,Kent County,2204,2589,2728,3042,3091
Rhode Island,Newport County,2567,3015,3177,3542,3600
Rhode Island,Providence County,2168,2546,2683,2992,3040
Rhode Island,Washington County,2348,2758,2906,3240,3292
South Carolina,Abbeville County,1467,1722,1815,2024,2056
South Carolina,Aiken County,1518,1783,1879,2095,2129
South Carolina,Allendale County,1335,1568,1652,1842,1872
South Carolina,Anderson County,1522,1788,1884,2101,2135
South Carolina,Bamberg County,1319,1550,1633,1821,1850
South Carolina,Barnwell County,1406,1651,1740,1940,1971
South Carolina,Beaufort County,2068,2429,2560,2854,2900
South Carolina,Berkeley County,1771,2080,2192,2444,2484
South Carolina,Calhoun County,1475,1732,1825,2035,2068
South Carolina,Charleston County,2185,2566,2704,3015,3064
South Carolina,Cherokee County,1328,1559,1643,1832,1862
South Carolina,Chester County,1324,1555,1639,1827,1857
South Carolina,Chesterfield County,1324,1555,1639,1827,1857
South Carolina,Clarendon County,1419,1666,1756,1958,1990
South Carolina,Colleton County,1501,1763,1858,2072,2105
South Carolina,Darlington County,1380,1621,1708,1904,1935
South Carolina,Dillon County,1338,1572,1656,1846,1876
South Carolina,Dorchester County,1864,2189,2307,2572,2614
South Carolina,Edgefield County,1486,1745,1839,2050,2084
South Carolina,Fairfield County,1526,1792,1888,2105,2139
South Carolina,Florence County,1492,1753,1847,2059,2093
South Carolina,Georgetown County,1609,1889,1991,2220,2256
South Carolina,Greenville County,1669,1960,2065,2302,2340
South Carolina,Greenwood County,1385,1627,1714,1911,1942
South Carolina,Hampton County,1395,1639,1727,1926,1957
South Carolina,Horry County,1571,1845,1944,2168,2203
South Carolina,Jasper County,1752,2057,2168,2417,2456
South Carolina,Kershaw County,1550,1820,1918,2139,2173
South Carolina,Lancaster County,1774,2083,2195,2447,2487
South Carolina,Laurens County,1343,1577,1662,1853,1883
South Carolina,Lee County,1243,1460,1538,1715,1743
South Carolina,Lexington County,1534,1802,1899,2117,2152
South Carolina,McCormick County,1473,1730,1823,2033,2065
South Carolina,Marion County,1246,1463,1542,1719,1747
South Carolina,Marlboro County,1268,1489,1569,1749,1778
South Carolina,Newberry County,1458,1713,1805,2013,2045
South Carolina,Oconee County,1504,1766,1861,2075,2109
South Carolina,Orangeburg County,1410,1656,1745,1946,1977
South Carolina,Pickens County,1524,1790,1886,2103,2137
South Carolina,Richland County,1645,1932,2036,2270,2307
South Carolina,Saluda County,1500,1761,1856,2069,2103
South Carolina,Spartanburg County,1533,1800,1897,2115,2149
South Carolina,Sumter County,1441,1692,1783,1988,2020
South Carolina,Union County,1189,1396,1471,1640,1667
South Carolina,Williamsburg County,1367,1606,1692,1887,1917
South Carolina,York County,1845,2168,2284,2547,2588
South Dakota,Aurora County,1636,1922,2025,2258,2294
South Dakota,Beadle County,1559,1831,1929,2151,2186
South Dakota,Bennett County,1408,1654,1743,1943,1975
South Dakota,Bon Homme County,1538,1806,1903,2122,2156
South Dakota,Brookings County,1835,2155,2271,2532,2573
South Dakota,Brown County,1668,1959,2064,2301,2339
South Dakota,Brule County,1589,1867,1967,2193,2229
South Dakota,Buffalo County,1538,1806,1903,2122,2156
South Dakota,Butte County,1799,2113,2227,2483,2523
South Dakota,Campbell County,1411,1657,1746,1947,1978
South Dakota,Charles Mix County,1849,2171,2288,2551,2592
South Dakota,Clark County,1437,1688,1779,1984,2016
South Dakota,Clay County,1764,2072,2183,2434,2473
South Dakota,Codington County,1655,1944,2048,2284,2320
South Dakota,Corson County,1320,1551,1634,1822,1851
South Dakota,Custer County,1966,2309,2433,2713,2757
South Dakota,Davison County,1597,1875,1976,2203,2239
South Dakota,Day County,1415,1662,1751,1952,1984
South Dakota,Deuel County,1557,1829,1927,2149,2183
South Dakota,Dewey County,1313,1542,1625,1812,1841
South Dakota,Douglas County,1531,1798,1895,2113,2147
South Dakota,Edmunds County,1513,1777,1872,2087,2121
South Dakota,Fall River County,1531,1798,1895,2113,2147
South Dakota,Faulk County,1379,1620,1707,1903,1934
South Dakota,Grant County,1548,1818,1916,2136,2171
South Dakota,Gregory County,1648,1935,2039,2273,2310
South Dakota,Haakon County,1512,1776,1871,2086,2120
South Dakota,Hamlin County,1680,1973,2079,2318,2356
South Dakota,Hand County,1549,1819,1917,2137,2172
South Dakota,Hanson County,1661,1951,2056,2292,2329
South Dakota,Harding County,1403,1648,1737,1937,1968
South Dakota,Hughes County,1735,2038,2147,2394,2433
South Dakota,Hutchinson County,1429,1678,1768,1971,2003
South Dakota,Hyde County,1719,2019,2128,2373,2411
South Dakota,Jackson County,1441,1693,1784,1989,2021
South Dakota,Jerauld County,1737,2040,2150,2397,2436
South Dakota,Jones County,1573,1848,1947,2171,2206
South Dakota,Kingsbury County,1588,1865,1965,2191,2226
South Dakota,Lake County,1706,2004,2112,2355,2393
South Dakota,Lawrence County,1799,2112,2226,2482,2522
South Dakota,Lincoln County,2009,2359,2486,2772,2817
South Dakota,Lyman County,1543,1813,1910,2130,2164
South Dakota,McCook County,1772,2081,2193,2445,2485
South Dakota,McPherson County,1280,1503,1584,1766,1795
South Dakota,Marshall County,1526,1793,1889,2106,2140
South Dakota,Meade County,1886,2215,2334,2602,2644
South Dakota,Mellette County,1223,1436,1513,1687,1714
South Dakota,Miner County,1509,1773,1868,2083,2116
South Dakota,Minnehaha County,1828,2147,2262,2522,2563
South Dakota,Moody County,1791,2103,2216,2471,2511
South Dakota,Oglala Lakota County,1088,1277,1346,1501,1525
South Dakota,Pennington County,1893,2224,2343,2612,2655
South Dakota,Perkins County,1397,1641,1729,1928,1959
South Dakota,Potter County,1426,1675,1765,1968,2000
South Dakota,Roberts County,1690,1985,2092,2333,2370
South Dakota,Sanborn County,1459,1714,1806,2014,2046
South Dakota,Spink County,1585,1862,1962,2188,2223
South Dakota,Stanley County,1558,1830,1928,2150,2184
South Dakota,Sully County,1669,1960,2065,2302,2340
South Dakota,Todd County,1307,1535,1617,1803,1832
South Dakota,Tripp County,1478,1736,1829,2039,2072
South Dakota,Turner County,1678,1971,2077,2316,2353
South Dakota,Union County,1854,2178,2295,2559,2600
South Dakota,Walworth County,1667,1958,2063,2300,2337
South Dakota,Yankton County,1614,1896,1998,2228,2264
South Dakota,Ziebach County,1501,1763,1858,2072,2105
Tennessee,Anderson County,1545,1814,1912,2132,2166
Tennessee,Bedford County,1584,1860,1960,2185,2221
Tennessee,Benton County,1302,1529,1611,1796,1825
Tennessee,Bledsoe County,1335,1568,1652,1842,1872
Tennessee,Blount County,1613,1894,1996,2226,2261
Tennessee,Bradley County,1582,1858,1958,2183,2218
Tennessee,Campbell County,1427,1676,1766,1969,2001
Tennessee,Cannon County,1502,1764,1859,2073,2106
Tennessee,Carroll County,1278,1501,1582,1764,1792
Tennessee,Carter County,1306,1534,1616,1802,1831
Tennessee,Cheatham County,1773,2082,2194,2446,2486
Tennessee,Chester County,1363,1601,1687,1881,1911
Tennessee,Claiborne County,1327,1558,1642,1831,1860
Tennessee,Clay County,1439,1690,1781,1986,2018
Tennessee,Cocke County,1268,1489,1569,1749,1778
Tennessee,Coffee County,1554,1825,1923,2144,2179
Tennessee,Crockett County,1364,1602,1688,1882,1913
Tennessee,Cumberland County,1357,1593,1679,1872,1902
Tennessee,Davidson County,1966,2309,2433,2713,2757
Tennessee,Decatur County,1245,1462,1541,1718,1746
Tennessee,DeKalb County,1371,1610,1697,1892,1923
Tennessee,Dickson County,1630,1914,2017,2249,2285
Tennessee,Dyer County,1371,1610,1697,1892,1923
Tennessee,Fayette County,1765,2074,2185,2436,2476
Tennessee,Fentress County,1201,1410,1486,1657,1684
Tennessee,Franklin County,1491,1751,1845,2057,2090
Tennessee,Gibson County,1422,1670,1760,1962,1994
Tennessee,Giles County,1472,1729,1822,2032,2064
Tennessee,Grainger County,1398,1642,1730,1929,1960
Tennessee,Greene County,1319,1549,1632,1820,1849
Tennessee,Grundy County,1252,1471,1550,1728,1756
Tennessee,Hamblen County,1385,1627,1714,1911,1942
Tennessee,Hamilton County,1709,2007,2115,2358,2396
Tennessee,Hancock County,1303,1531,1613,1798,1828
Tennessee,Hardeman County,1272,1494,1574,1755,1783
Tennessee,Hardin County,1254,1473,1552,1730,1758
Tennessee,Hawkins County,1307,1535,1618,1804,1833
Tennessee,Haywood County,1375,1615,1702,1898,1928
Tennessee,Henderson County,1336,1569,1653,1843,1873
Tennessee,Henry County,1332,1565,1649,1839,1868
Tennessee,Hickman County,1463,1719,1811,2019,2052
Tennessee,Houston County,1459,1714,1806,2014,2046
Tennessee,Humphreys County,1401,1646,1734,1933,1965
Tennessee,Jackson County,1399,1644,1732,1931,1962
Tennessee,Jefferson County,1437,1688,1779,1984,2016
Tennessee,Johnson County,1283,1507,1588,1771,1799
Tennessee,Knox County,1693,1988,2095,2336,2374
Tennessee,Lake County,1260,1480,1560,1739,1767
Tennessee,Lauderdale County,1330,1562,1646,1835,1865
Tennessee,Lawrence County,1427,1676,1766,1969,2001
Tennessee,Lewis County,1377,1617,1704,1900,1931
Tennessee,Lincoln County,1557,1829,1927,2149,2183
Tennessee,Loudon County,1639,1925,2028,2261,2298
Tennessee,McMinn County,1355,1591,1677,1870,1900
Tennessee,McNairy County,1308,1536,1619,1805,1834
Tennessee,Macon County,1488,1747,1841,2053,2086
Tennessee,Madison County,1542,1811,1908,2127,2162
Tennessee,Marion County,1446,1698,1789,1995,2027
Tennessee,Marshall County,1569,1843,1942,2165,2200
Tennessee,Maury County,1758,2065,2176,2426,2465
Tennessee,Meigs County,1612,1893,1995,2224,2260
Tennessee,Monroe County,1379,1620,1707,1903,1934
Tennessee,Montgomery County,1715,2015,2123,2367,2405
Tennessee,Moore County,1546,1815,1913,2133,2167
Tennessee,Morgan County,1422,1670,1760,1962,1994
Tennessee,Obion County,1253,1472,1551,1729,1757
Tennessee,Overton County,1343,1577,1662,1853,1883
Tennessee,Perry County,1262,1482,1562,1742,1770
Tennessee,Pickett County,1429,1678,1768,1971,2003
Tennessee,Polk County,1438,1689,1780,1985,2017
Tennessee,Putnam County,1574,1849,1948,2172,2207
Tennessee,Rhea County,1469,1725,1818,2027,2060
Tennessee,Roane County,1551,1822,1920,2141,2175
Tennessee,Robertson County,1750,2056,2166,2415,2454
Tennessee,Rutherford County,1825,2144,2259,2519,2559
Tennessee,Scott County,1336,1570,1654,1844,1874
Tennessee,Sequatchie County,1447,1700,1791,1997,2029
Tennessee,Sevier County,1523,1789,1885,2102,2136
Tennessee,Shelby County,1772,2081,2193,2445,2485
Tennessee,Smith County,1522,1788,1884,2101,2135
Tennessee,Stewart County,1559,1832,1930,2152,2187
Tennessee,Sullivan County,1438,1689,1780,1985,2017
Tennessee,Sumner County,1899,2230,2350,2620,2663
Tennessee,Tipton County,1634,1919,2022,2255,2291
Tennessee,Trousdale County,1585,1862,1962,2188,2223
Tennessee,Unicoi County,1326,1557,1641,1830,1859
Tennessee,Union County,1344,1578,1663,1854,1884
Tennessee,Van Buren County,1197,1406,1482,1652,1679
Tennessee,Warren County,1309,1537,1620,1806,1835
Tennessee,Washington County,1504,1766,1861,2075,2109
Tennessee,Wayne County,1218,1431,1508,1681,1709
Tennessee,Weakley County,1248,1466,1545,1723,1750
Tennessee,White County,1333,1566,1650,1840,1869
Tennessee,Williamson County,2589,3041,3204,3572,3630
Tennessee,Wilson County,2018,2370,2497,2784,2829
Texas,Anderson County,1561,1833,1932,2154,2189
Texas,Andrews County,1942,2281,2404,2680,2724
Texas,Angelina County,1601,1881,1982,2210,2246
Texas,Aransas County,1900,2232,2352,2622,2665
Texas,Archer County,1802,2116,2230,2486,2527
Texas,Armstrong County,1513,1777,1872,2087,2121
Texas,Atascosa County,1698,1994,2101,2343,2380
Texas,Austin County,1978,2323,2448,2730,2774
Texas,Bailey County,1238,1454,1532,1708,1736
Texas,Bandera County,1830,2149,2265,2525,2566
Texas,Bastrop County,2033,2388,2516,2805,2851
Texas,Baylor County,1813,2130,2244,2502,2542
Texas,Bee County,1562,1834,1933,2155,2190
Texas,Bell County,1806,2121,2235,2492,2532
Texas,Bexar County,1977,2322,2447,2728,2772
Texas,Blanco County,2126,2497,2631,2934,2981
Texas,Borden County,1697,1993,2100,2342,2379
Texas,Bosque County,1659,1948,2053,2289,2326
Texas,Bowie County,1620,1903,2005,2236,2272
Texas,Brazoria County,2302,2704,2849,3177,3228
Texas,Brazos County,2019,2372,2499,2786,2831
Texas,Brewster County,1820,2138,2253,2512,2553
Texas,Briscoe County,1442,1694,1785,1990,2022
Texas,Brooks County,1364,1602,1688,1882,1913
Texas,Brown County,1600,1879,1980,2208,2243
Texas,Burleson County,1837,2157,2273,2534,2575
Texas,Burnet County,2045,2402,2531,2822,2868
Texas,Caldwell County,1769,2077,2189,2441,2480
Texas,Calhoun County,1584,1861,1961,2187,2222
Texas,Callahan County,1593,1871,1972,2199,2234
Texas,Cameron County,1573,1848,1947,2171,2206
Texas,Camp County,1610,1890,1992,2221,2257
Texas,Carson County,1471,1727,1820,2029,2062
Texas,Cass County,1490,1750,1844,2056,2089
Texas,Castro County,1491,1751,1845,2057,2090
Texas,Chambers County,2290,2689,2834,3160,3211
Texas,Cherokee County,1696,1992,2099,2340,2378
Texas,Childress County,1567,1840,1939,2162,2197
Texas,Clay County,1628,1912,2015,2247,2283
Texas,Cochran County,1286,1511,1592,1775,1804
Texas,Coke County,1225,1439,1516,1690,1718
Texas,Coleman County,1211,1423,1499,1671,1698
Texas,Collin County,2780,3265,3440,3836,3898
Texas,Collingsworth County,1172,1376,1450,1617,1643
Texas,Colorado County,1778,2088,2200,2453,2493
Texas,Comal County,2388,2804,2955,3295,3348
Texas,Comanche County,1570,1844,1943,2166,2201
Texas,Concho County,1451,1704,1796,2003,2035
Texas,Cooke County,1899,2230,2350,2620,2663
Texas,Coryell County,1676,1968,2074,2313,2350
Texas,Cottle County,1528,1795,1891,2108,2143
Texas,Crane County,1700,1997,2104,2346,2384
Texas,Crockett County,2658,3122,3290,3668,3728
Texas,Crosby County,1457,1711,1803,2010,2043
Texas,Culberson County,1522,1788,1884,2101,2135
Texas,Dallam County,1393,1636,1724,1922,1953
Texas,Dallas County,2199,2582,2721,3034,3083
Texas,Dawson County,1542,1811,1908,2127,2162
Texas,Deaf Smith County,1640,1926,2030,2263,2300
Texas,Delta County,1601,1880,1981,2209,2244
Texas,Denton County,2636,3096,3262,3637,3696
Texas,DeWitt County,1602,1882,1983,2211,2247
Texas,Dickens County,1551,1822,1920,2141,2175
Texas,Dimmit County,1378,1619,1706,1902,1933
Texas,Donley County,1671,1963,2068,2306,2343
Texas,Duval County,1329,1561,1645,1834,1864
Texas,Eastland County,1623,1907,2009,2240,2276
Texas,Ector County,1950,2290,2413,2690,2734
Texas,Edwards County,1395,1639,1727,1926,1957
Texas,Ellis County,2278,2675,2819,3143,3194
Texas,El Paso County,1703,2000,2108,2350,2388
Texas,Erath County,1864,2189,2307,2572,2614
Texas,Falls County,1518,1783,1879,2095,2129
Texas,Fannin County,1816,2133,2248,2507,2547
Texas,Fayette County,1772,2081,2193,2445,2485
Texas,Fisher County,1399,1643,1731,1930,1961
Texas,Floyd County,1413,1660,1749,1950,1982
Texas,Foard County,1170,1374,1448,1615,1641
Texas,Fort Bend County,2583,3034,3197,3565,3622
Texas,Franklin County,1883,2212,2331,2599,2641
Texas,Freestone County,1605,1886,1987,2216,2251
Texas,Frio County,1643,1930,2034,2268,2305
Texas,Gaines County,1837,2157,2273,2534,2575
Texas,Galveston County,2229,2618,2759,3076,3126
Texas,Garza County,1614,1896,1998,2228,2264
Texas,Gillespie County,2208,2594,2733,3047,3096
Texas,Glasscock County,1604,1884,1985,2213,2249
Texas,Goliad County,1676,1968,2074,2313,2350
Texas,Gonzales County,1539,1808,1905,2124,2158
Texas,Gray County,1420,1667,1757,1959,1991
Texas,Grayson County,1898,2229,2349,2619,2661
Texas,Gregg County,1652,1940,2044,2279,2316
Texas,Grimes County,1771,2080,2192,2444,2484
Texas,Guadalupe County,2015,2367,2494,2781,2826
Texas,Hale County,1711,2010,2118,2362,2400
Texas,Hall County,1327,1558,1642,1831,1860
Texas,Hamilton County,1593,1870,1971,2198,2233
Texas,Hansford County,1757,2064,2175,2425,2464
Texas,Hardeman County,1423,1671,1761,1964,1995
Texas,Hardin County,1795,2109,2222,2478,2518
Texas,Harris County,2153,2529,2665,2971,3019
Texas,Harrison County,1664,1954,2059,2296,2333
Texas,Hartley County,1795,2109,2222,2478,2518
Texas,Haskell County,1476,1734,1827,2037,2070
Texas,Hays County,2289,2689,2833,3159,3210
Texas,Hemphill County,1649,1937,2041,2276,2312
Texas,Henderson County,1679,1972,2078,2317,2354
Texas,Hidalgo County,1605,1885,1986,2214,2250
Texas,Hill County,1689,1983,2090,2330,2368
Texas,Hockley County,1699,1996,2103,2345,2383
Texas,Hood County,1967,2310,2434,2714,2758
Texas,Hopkins County,1640,1926,2030,2263,2300
Texas,Houston County,1572,1847,1946,2170,2205
Texas,Howard County,1622,1905,2007,2238,2274
Texas,Hudspeth County,1322,1553,1636,1824,1854
Texas,Hunt County,1898,2229,2349,2619,2661
Texas,Hutchinson County,1475,1732,1825,2035,2068
Texas,Irion County,1883,2212,2331,2599,2641
Texas,Jack County,1886,2215,2334,2602,2644
Texas,Jackson County,1786,2098,2211,2465,2505
Texas,Jasper County,1542,1812,1909,2129,2163
Texas,Jeff Davis County,1769,2077,2189,2441,2480
Texas,Jefferson County,1819,2136,2251,2510,2550
Texas,Jim Hogg County,1558,1830,1928,2150,2184
Texas,Jim Wells County,1818,2135,2250,2509,2549
Texas,Johnson County,2059,2418,2548,2841,2887
Texas,Jones County,1403,1647,1736,1936,1967
Texas,Karnes County,1347,1582,1667,1859,1889
Texas,Kaufman County,2277,2674,2818,3142,3193
Texas,Kendall County,2607,3061,3226,3597,3655
Texas,Kenedy County,1604,1884,1985,2213,2249
Texas,Kent County,1837,2158,2274,2536,2576
Texas,Kerr County,1845,2167,2283,2546,2587
Texas,Kimble County,1695,1991,2098,2339,2377
Texas,King County,1604,1884,1985,2213,2249
Texas,Kinney County,1203,1413,1489,1660,1687
Texas,Kleberg County,1829,2149,2264,2524,2565
Texas,Knox County,1292,1517,1599,1783,1812
Texas,Lamar County,1761,2069,2180,2431,2470
Texas,Lamb County,1419,1666,1756,1958,1990
Texas,Lampasas County,1822,2140,2255,2514,2555
Texas,La Salle County,1475,1733,1826,2036,2069
Texas,Lavaca County,1748,2053,2163,2412,2451
Texas,Lee County,2042,2398,2527,2818,2863
Texas,Leon County,1665,1956,2061,2298,2335
Texas,Liberty County,1752,2057,2168,2417,2456
Texas,Limestone County,1551,1822,1920,2141,2175
Texas,Lipscomb County,1622,1905,2007,2238,2274
Texas,Live Oak County,1594,1872,1973,2200,2235
Texas,Llano County,1907,2240,2360,2631,2674
Texas,Loving County,1604,1884,1985,2213,2249
Texas,Lubbock County,1862,2186,2304,2569,2610
Texas,Lynn County,1735,2038,2147,2394,2433
Texas,McCulloch County,1669,1960,2065,2302,2340
Texas,McLennan County,1877,2205,2323,2590,2632
Texas,McMullen County,1344,1578,1663,1854,1884
Texas,Madison County,1593,1870,1971,2198,2233
Texas,Marion County,1530,1797,1894,2112,2146
Texas,Martin County,2654,3117,3285,3663,3722
Texas,Mason County,1681,1975,2081,2320,2358
Texas,Matagorda County,1763,2071,2182,2433,2472
Texas,Maverick County,1641,1927,2031,2265,2301
Texas,Medina County,1963,2305,2429,2708,2752
Texas,Menard County,1291,1517,1598,1782,1811
Texas,Midland County,2263,2658,2801,3123,3174
Texas,Milam County,1839,2160,2276,2538,2579
Texas,Mills County,1657,1946,2051,2287,2324
Texas,Mitchell County,1645,1932,2036,2270,2307
Texas,Montague County,1666,1957,2062,2299,2336
Texas,Montgomery County,2312,2715,2861,3190,3242
Texas,Moore County,1636,1922,2025,2258,2294
Texas,Morris County,1599,1878,1979,2207,2242
Texas,Motley County,1397,1641,1729,1928,1959
Texas,Nacogdoches County,1601,1881,1982,2210,2246
Texas,Navarro County,1647,1934,2038,2272,2309
Texas,Newton County,1461,1716,1808,2016,2048
Texas,Nolan County,1552,1823,1921,2142,2176
Texas,Nueces County,1959,2301,2425,2704,2748
Texas,Ochiltree County,1806,2121,2235,2492,2532
Texas,Oldham County,1866,2192,2310,2576,2617
Texas,Orange County,1807,2123,2237,2494,2535
Texas,Palo Pinto County,1868,2194,2312,2578,2619
Texas,Panola County,1530,1797,1894,2112,2146
Texas,Parker County,2431,2856,3009,3355,3409
Texas,Parmer County,1774,2083,2195,2447,2487
Texas,Pecos County,1694,1990,2097,2338,2376
Texas,Polk County,1664,1955,2060,2297,2334
Texas,Potter County,1644,1931,2035,2269,2306
Texas,Presidio County,1490,1750,1844,2056,2089
Texas,Rains County,1969,2313,2437,2717,2761
Texas,Randall County,1875,2202,2320,2587,2629
Texas,Reagan County,1534,1802,1899,2117,2152
Texas,Real County,2070,2431,2562,2857,2903
Texas,Red River County,1408,1653,1742,1942,1974
Texas,Reeves County,1761,2068,2179,2430,2469
Texas,Refugio County,1420,1667,1757,1959,1991
Texas,Roberts County,1630,1914,2017,2249,2285
Texas,Robertson County,1593,1871,1972,2199,2234
Texas,Rockwall County,2590,3042,3205,3574,3631
Texas,Runnels County,1433,1684,1774,1978,2010
Texas,Rusk County,1567,1840,1939,2162,2197
Texas,Sabine County,1647,1934,2038,2272,2309
Texas,San Augustine County,1541,1810,1907,2126,2161
Texas,San Jacinto County,1750,2056,2166,2415,2454
Texas,San Patricio County,1919,2254,2375,2648,2691
Texas,San Saba County,1399,1643,1731,1930,1961
Texas,Schleicher County,1661,1951,2056,2292,2329
Texas,Scurry County,1584,1861,1961,2187,2222
Texas,Shackelford County,1919,2254,2375,2648,2691
Texas,Shelby County,1517,1782,1878,2094,2128
Texas,Sherman County,1561,1833,1932,2154,2189
Texas,Smith County,1810,2126,2240,2498,2538
Texas,Somervell County,1902,2234,2354,2625,2667
Texas,Starr County,1594,1872,1973,2200,2235
Texas,Stephens County,1391,1634,1722,1920,1951
Texas,Sterling County,1386,1628,1715,1912,1943
Texas,Stonewall County,1319,1549,1632,1820,1849
Texas,Sutton County,1798,2112,2225,2481,2521
Texas,Swisher County,1604,1884,1985,2213,2249
Texas,Tarrant County,2256,2650,2792,3113,3163
Texas,Taylor County,1826,2145,2260,2520,2561
Texas,Terrell County,1430,1680,1770,1974,2005
Texas,Terry County,1556,1828,1926,2147,2182
Texas,Throckmorton County,1480,1739,1832,2043,2076
Texas,Titus County,1551,1822,1920,2141,2175
Texas,Tom Green County,1697,1993,2100,2342,2379
Texas,Travis County,2582,3033,3196,3564,3621
Texas,Trinity County,1569,1843,1942,2165,2200
Texas,Tyler County,1531,1798,1895,2113,2147
Texas,Upshur County,1602,1882,1983,2211,2247
Texas,Upton County,1693,1988,2095,2336,2374
Texas,Uvalde County,1696,1992,2099,2340,2378
Texas,Val Verde County,1787,2099,2212,2466,2506
Texas,Van Zandt County,1750,2056,2166,2415,2454
Texas,Victoria County,1831,2150,2266,2527,2567
Texas,Walker County,1728,2029,2138,2384,2422
Texas,Waller County,2194,2577,2715,3027,3076
Texas,Ward County,1744,2048,2158,2406,2445
Texas,Washington County,1925,2261,2383,2657,2700
Texas,Webb County,1793,2106,2219,2474,2514
Texas,Wharton County,1906,2239,2359,2630,2673
Texas,Wheeler County,1693,1988,2095,2336,2374
Texas,Wichita County,1652,1940,2044,2279,2316
Texas,Wilbarger County,1438,1689,1780,1985,2017
Texas,Willacy County,1586,1863,1963,2189,2224
Texas,Williamson County,2428,2852,3005,3351,3405
Texas,Wilson County,2129,2501,2635,2938,2985
Texas,Winkler County,1564,1837,1936,2159,2193
Texas,Wise County,2188,2570,2708,3019,3068
Texas,Wood County,1668,1959,2064,2301,2339
Texas,Yoakum County,1719,2019,2127,2372,2410
Texas,Young County,1648,1936,2040,2275,2311
Texas,Zapata County,1325,1556,1640,1829,1858
Texas,Zavala County,1475,1732,1825,2035,2068
Utah,Beaver County,1472,1729,1822,2032,2064
Utah,Box Elder County,1837,2158,2274,2536,2576
Utah,Cache County,1861,2186,2303,2568,2609
Utah,Carbon County,1411,1657,1746,1947,1978
Utah,Daggett County,1504,1767,1862,2076,2110
Utah,Davis County,2075,2437,2568,2863,2910
Utah,Duchesne County,1694,1990,2097,2338,2376
Utah,Emery County,1402,1647,1735,1935,1966
Utah,Garfield County,1671,1963,2068,2306,2343
Utah,Grand County,1780,2091,2203,2456,2496
Utah,Iron County,1686,1981,2087,2327,2365
Utah,Juab County,1846,2168,2285,2548,2589
Utah,Kane County,1728,2030,2139,2385,2423
Utah,Millard County,1517,1782,1878,2094,2128
Utah,Morgan County,2319,2724,2870,3200,3252
Utah,Piute County,1350,1586,1671,1863,1893
Utah,Rich County,1546,1815,1913,2133,2167
Utah,Salt Lake County,2140,2513,2648,2953,3000
Utah,San Juan County,1635,1921,2024,2257,2293
Utah,Sanpete County,1571,1845,1944,2168,2203
Utah,Sevier County,1594,1872,1973,2200,2235
Utah,Summit County,2783,3268,3444,3840,3902
Utah,Tooele County,1952,2293,2416,2694,2737
Utah,Uintah County,1668,1959,2064,2301,2339
Utah,Utah County,2132,2504,2639,2942,2990
Utah,Wasatch County,2558,3005,3166,3530,3587
Utah,Washington County,1965,2308,2432,2712,2755
Utah,Wayne County,1652,1941,2045,2280,2317
Utah,Weber County,1906,2239,2359,2630,2673
Vermont,Addison County,2059,2418,2548,2841,2887
Vermont,Bennington County,1791,2103,2216,2471,2511
Vermont,Caledonia County,1703,2000,2108,2350,2388
Vermont,Chittenden County,2266,2662,2805,3128,3178
Vermont,Essex County,1608,1889,1990,2219,2255
Vermont,Franklin County,1931,2268,2390,2665,2708
Vermont,Grand Isle County,2148,2522,2658,2964,3012
Vermont,Lamoille County,1818,2135,2250,2509,2549
Vermont,Orange County,1824,2142,2257,2517,2557
Vermont,Orleans County,1744,2049,2159,2407,2446
Vermont,Rutland County,1755,2061,2172,2422,2461
Vermont,Washington County,1989,2336,2462,2745,2789
Vermont,Windham County,1887,2217,2336,2605,2647
Vermont,Windsor County,1911,2244,2365,2637,2680
Virginia,Accomack County,1607,1888,1989,2218,2254
Virginia,Albemarle County,2306,2708,2854,3182,3234
Virginia,Alleghany County,1382,1624,1711,1908,1939
Virginia,Amelia County,1705,2002,2110,2353,2391
Virginia,Amherst County,1447,1700,1791,1997,2029
Virginia,Appomattox County,1505,1768,1863,2077,2111
Virginia,Arlington County,3430,4029,4245,4733,4810
Virginia,Augusta County,1690,1984,2091,2331,2369
Virginia,Bath County,1466,1721,1814,2023,2055
Virginia,Bedford County,1635,1921,2024,2257,2293
Virginia,Bland County,1326,1557,1641,1830,1859
Virginia,Botetourt County,1711,2010,2118,2362,2400
Virginia,Brunswick County,1362,1600,1686,1880,1910
Virginia,Buchanan County,1320,1551,1634,1822,1851
Virginia,Buckingham County,1416,1663,1752,1953,1985
Virginia,Campbell County,1420,1668,1758,1960,1992
Virginia,Caroline County,1808,2124,2238,2495,2536
Virginia,Carroll County,1333,1566,1650,1840,1869
Virginia,Charles City County,1554,1825,1923,2144,2179
Virginia,Charlotte County,1434,1684,1775,1979,2011
Virginia,Chesterfield County,1985,2332,2457,2740,2784
Virginia,Clarke County,2237,2628,2769,3087,3137
Virginia,Craig County,1439,1690,1781,1986,2018
Virginia,Culpeper County,2001,2351,2477,2762,2806
Virginia,Cumberland County,1538,1807,1904,2123,2157
Virginia,Dickenson County,1136,1334,1406,1568,1593
Virginia,Dinwiddie County,1645,1932,2036,2270,2307
Virginia,Essex County,1554,1825,1923,2144,2179
Virginia,Fairfax County,3072,3608,3802,4239,4308
Virginia,Fauquier County,2545,2989,3150,3512,3569
Virginia,Floyd County,1494,1755,1849,2062,2095
Virginia,Fluvanna County,1853,2176,2293,2557,2598
Virginia,Franklin County,1538,1807,1904,2123,2157
Virginia,Frederick County,1951,2292,2415,2693,2736
Virginia,Giles County,1359,1596,1682,1875,1906
Virginia,Gloucester County,1848,2170,2287,2550,2591
Virginia,Goochland County,2210,2596,2735,3050,3099
Virginia,Grayson County,1211,1423,1499,1671,1698
Virginia,Greene County,1883,2212,2331,2599,2641
Virginia,Greensville County,1302,1530,1612,1797,1826
Virginia,Halifax County,1309,1537,1620,1806,1835
Virginia,Hanover County,2039,2395,2524,2814,2860
Virginia,Henrico County,1925,2261,2383,2657,2700
Virginia,Henry County,1244,1461,1539,1716,1744
Virginia,Highland County,1473,1730,1823,2033,2065
Virginia,Isle of Wight County,2237,2627,2768,3086,3136
Virginia,James City County,2195,2578,2717,3029,3078
Virginia,King and Queen County,1550,1820,1918,2139,2173
Virginia,King George County,2227,2615,2756,3073,3123
Virginia,King William County,1700,1997,2104,2346,2384
Virginia,Lancaster County,1613,1894,1996,2226,2261
Virginia,Lee County,1207,1418,1494,1666,1693
Virginia,Loudoun County,3108,3651,3847,4289,4359
Virginia,Louisa County,1768,2076,2188,2440,2479
Virginia,Lunenburg County,1341,1575,1660,1851,1881
Virginia,Madison County,1799,2113,2227,2483,2523
Virginia,Mathews County,1788,2100,2213,2467,2507
Virginia,Mecklenburg County,1488,1748,1842,2054,2087
Virginia,Middlesex County,1676,1968,2074,2313,2350
Virginia,Montgomery County,1778,2089,2201,2454,2494
Virginia,Nelson County,1788,2100,2213,2467,2507
Virginia,New Kent County,2065,2426,2556,2850,2896
Virginia,Northampton County,1729,2031,2140,2386,2425
Virginia,Northumberland County,1632,1917,2020,2252,2289
Virginia,Nottoway County,1481,1740,1833,2044,2077
Virginia,Orange County,1833,2153,2269,2530,2571
Virginia,Page County,1623,1907,2009,2240,2276
Virginia,Patrick County,1359,1596,1682,1875,1906
Virginia,Pittsylvania County,1340,1573,1658,1849,1879
Virginia,Powhatan County,2024,2377,2505,2793,2838
Virginia,Prince Edward County,1403,1648,1737,1937,1968
Virginia,Prince George County,1803,2118,2232,2489,2529
Virginia,Prince William County,2637,3098,3264,3639,3698
Virginia,Pulaski County,1462,1717,1809,2017,2050
Virginia,Rappahannock County,1953,2294,2417,2695,2738
Virginia,Richmond County,1499,1760,1855,2068,2102
Virginia,Roanoke County,1719,2019,2127,2372,2410
Virginia,Rockbridge County,1547,1816,1914,2134,2169
Virginia,Rockingham County,1718,2018,2126,2370,2409
Virginia,Russell County,1247,1464,1543,1720,1748
Virginia,Scott County,1340,1574,1659,1850,1880
Virginia,Shenandoah County,1611,1892,1994,2223,2259
Virginia,Smyth County,1298,1524,1606,1791,1820
Virginia,Southampton County,1563,1835,1934,2156,2191
Virginia,Spotsylvania County,2102,2469,2602,2901,2948
Virginia,Stafford County,2494,2930,3087,3442,3498
Virginia,Surry County,1708,2006,2114,2357,2395
Virginia,Sussex County,1539,1808,1905,2124,2158
Virginia,Tazewell County,1327,1558,1642,1831,1860
Virginia,Warren County,1871,2198,2316,2582,2624
Virginia,Washington County,1416,1663,1752,1953,1985
Virginia,Westmoreland County,1630,1914,2017,2249,2285
Virginia,Wise County,1376,1616,1703,1899,1929
Virginia,Wythe County,1301,1528,1610,1795,1824
Virginia,York County,2255,2649,2791,3112,3162
Virginia,Alexandria city,3081,3619,3813,4251,4320
Virginia,Bedford city,1635,1921,2024,2257,2293
Virginia,Bristol city,1363,1601,1687,1881,1911
Virginia,Buena Vista city,1164,1368,1441,1607,1633
Virginia,Charlottesville city,2225,2614,2754,3071,3120
Virginia,Chesapeake city,2164,2541,2678,2986,3034
Virginia,Colonial Heights city,1651,1939,2043,2278,2315
Virginia,Covington city,1269,1490,1570,1751,1779
Virginia,Danville city,1295,1521,1603,1787,1816
Virginia,Emporia city,1786,2098,2211,2465,2505
Virginia,Fairfax city,3044,3575,3767,4200,4268
Virginia,Falls Church city,3934,4621,4869,5429,5517
Virginia,Franklin city,1743,2047,2157,2405,2444
Virginia,Fredericksburg city,2344,2753,2901,3235,3287
Virginia,Galax city,1319,1549,1632,1820,1849
Virginia,Hampton city,1791,2103,2216,2471,2511
Virginia,Harrisonburg city,1661,1951,2056,2292,2329
Virginia,Hopewell city,1385,1627,1714,1911,1942
Virginia,Lexington city,1736,2039,2149,2396,2435
Virginia,Lynchburg city,1538,1807,1904,2123,2157
Virginia,Manassas city,2466,2896,3052,3403,3458
Virginia,Manassas Park city,2294,2694,2839,3165,3217
Virginia,Martinsville city,1213,1424,1501,1674,1701
Virginia,Newport News city,1813,2130,2244,2502,2542
Virginia,Norfolk city,1968,2312,2436,2716,2760
Virginia,Norton city,1442,1694,1785,1990,2022
Virginia,Petersburg city,1533,1800,1897,2115,2149
Virginia,Poquoson city,2356,2767,2916,3251,3304
Virginia,Portsmouth city,1832,2151,2267,2528,2569
Virginia,Radford city,1462,1717,1809,2017,2050
Virginia,Richmond city,1975,2319,2444,2725,2769
Virginia,Roanoke city,1441,1692,1783,1988,2020
Virginia,Salem city,1627,1910,2013,2244,2281
Virginia,Staunton city,1542,1812,1909,2129,2163
Virginia,Suffolk city,2168,2546,2683,2992,3040
Virginia,Virginia Beach city,2127,2499,2633,2936,2983
Virginia,Waynesboro city,1547,1816,1914,2134,2169
Virginia,Williamsburg city,1788,2100,2213,2467,2507
Virginia,Winchester city,1857,2181,2298,2562,2604
Washington,Adams County,1701,1998,2105,2347,2385
Washington,Asotin County,1690,1984,2091,2331,2369
Washington,Benton County,2029,2383,2511,2800,2845
Washington,Chelan County,2076,2438,2569,2864,2911
Washington,Clallam County,1913,2247,2368,2640,2683
Washington,Clark County,2247,2639,2781,3101,3151
Washington,Columbia County,1672,1963,2069,2307,2344
Washington,Cowlitz County,1992,2339,2465,2748,2793
Washington,Douglas County,1952,2293,2416,2694,2737
Washington,Ferry County,1446,1698,1789,1995,2027
Washington,Franklin County,1855,2179,2296,2560,2601
Washington,Garfield County,1543,1813,1910,2130,2164
Washington,Grant County,1755,2061,2172,2422,2461
Washington,Grays Harbor County,1749,2054,2164,2413,2452
Washington,Island County,2304,2707,2852,3180,3231
Washington,Jefferson County,2047,2405,2534,2825,2871
Washington,King County,3087,3625,3820,4259,4328
Washington,Kitsap County,2315,2719,2865,3194,3246
Washington,Kittitas County,2232,2621,2762,3080,3129
Washington,Klickitat County,1866,2192,2310,2576,2617
Washington,Lewis County,1938,2277,2399,2675,2718
Washington,Lincoln County,1758,2065,2176,2426,2465
Washington,Mason County,2007,2357,2484,2770,2814
Washington,Okanogan County,1759,2066,2177,2427,2467
Washington,Pacific County,1740,2043,2153,2401,2439
Washington,Pend Oreille County,1694,1989,2096,2337,2375
Washington,Pierce County,2372,2786,2936,3274,3326
Washington,San Juan County,2426,2850,3003,3348,3402
Washington,Skagit County,2276,2673,2817,3141,3192
Washington,Skamania County,2220,2607,2747,3063,3112
Washington,Snohomish County,2645,3107,3274,3651,3709
Washington,Spokane County,1929,2265,2387,2662,2704
Washington,Stevens County,1775,2085,2197,2450,2489
Washington,Thurston County,2279,2676,2820,3144,3195
Washington,Wahkiakum County,2000,2349,2475,2760,2804
Washington,Walla Walla County,1947,2287,2410,2687,2731
Washington,Whatcom County,2295,2695,2840,3167,3218
Washington,Whitman County,1914,2248,2369,2641,2684
Washington,Yakima County,1786,2097,2210,2464,2504
West Virginia,Barbour County,1197,1405,1481,1651,1678
West Virginia,Berkeley County,1635,1920,2023,2256,2292
West Virginia,Boone County,1328,1559,1643,1832,1862
West Virginia,Braxton County,1185,1391,1466,1635,1661
West Virginia,Brooke County,1286,1511,1592,1775,1804
West Virginia,Cabell County,1395,1639,1727,1926,1957
West Virginia,Calhoun County,1082,1271,1339,1493,1517
West Virginia,Clay County,1205,1415,1491,1662,1689
West Virginia,Doddridge County,1222,1435,1512,1686,1713
West Virginia,Fayette County,1340,1573,1658,1849,1879
West Virginia,Gilmer County,997,1171,1234,1376,1398
West Virginia,Grant County,1161,1364,1437,1602,1628
West Virginia,Greenbrier County,1345,1579,1664,1855,1885
West Virginia,Hampshire County,1373,1612,1699,1894,1925
West Virginia,Hancock County,1197,1406,1482,1652,1679
West Virginia,Hardy County,1356,1592,1678,1871,1901
West Virginia,Harrison County,1399,1643,1731,1930,1961
West Virginia,Jackson County,1277,1500,1581,1763,1791
West Virginia,Jefferson County,1873,2200,2318,2585,2626
West Virginia,Kanawha County,1375,1615,1702,1898,1928
West Virginia,Lewis County,1260,1480,1560,1739,1767
West Virginia,Lincoln County,1338,1572,1656,1846,1876
West Virginia,Logan County,1246,1463,1542,1719,1747
West Virginia,McDowell County,1111,1305,1375,1533,1558
West Virginia,Marion County,1366,1605,1691,1885,1916
West Virginia,Marshall County,1316,1546,1629,1816,1846
West Virginia,Mason County,1286,1510,1591,1774,1803
West Virginia,Mercer County,1319,1550,1633,1821,1850
West Virginia,Mineral County,1395,1639,1727,1926,1957
West Virginia,Mingo County,1240,1457,1535,1712,1739
West Virginia,Monongalia County,1665,1956,2061,2298,2335
West Virginia,Monroe County,1138,1337,1409,1571,1596
West Virginia,Morgan County,1467,1723,1816,2025,2058
West Virginia,Nicholas County,1298,1524,1606,1791,1820
West Virginia,Ohio County,1370,1609,1695,1890,1920
West Virginia,Pendleton County,1175,1380,1454,1621,1647
West Virginia,Pleasants County,1294,1520,1602,1786,1815
West Virginia,Pocahontas County,1268,1489,1569,1749,1778
West Virginia,Preston County,1419,1666,1756,1958,1990
West Virginia,Putnam County,1641,1927,2031,2265,2301
West Virginia,Raleigh County,1370,1609,1695,1890,1920
West Virginia,Randolph County,1212,1424,1500,1673,1700
West Virginia,Ritchie County,1223,1437,1514,1688,1715
West Virginia,Roane County,1311,1539,1622,1809,1838
West Virginia,Summers County,1134,1332,1404,1565,1591
West Virginia,Taylor County,1319,1549,1632,1820,1849
West Virginia,Tucker County,1347,1582,1667,1859,1889
West Virginia,Tyler County,1286,1511,1592,1775,1804
West Virginia,Upshur County,1326,1557,1641,1830,1859
West Virginia,Wayne County,1341,1575,1660,1851,1881
West Virginia,Webster County,1240,1457,1535,1712,1739
West Virginia,Wetzel County,1273,1495,1575,1756,1784
West Virginia,Wirt County,1143,1343,1415,1578,1603
West Virginia,Wood County,1317,1547,1630,1817,1847
West Virginia,Wyoming County,1255,1474,1553,1732,1760
Wisconsin,Adams County,1513,1777,1873,2088,2122
Wisconsin,Ashland County,1492,1752,1846,2058,2092
Wisconsin,Barron County,1596,1874,1975,2202,2238
Wisconsin,Bayfield County,1614,1895,1997,2227,2263
Wisconsin,Brown County,1720,2020,2129,2374,2412
Wisconsin,Buffalo County,1669,1961,2066,2304,2341
Wisconsin,Burnett County,1495,1756,1850,2063,2096
Wisconsin,Calumet County,1785,2096,2209,2463,2503
Wisconsin,Chippewa County,1665,1956,2061,2298,2335
Wisconsin,Clark County,1506,1769,1864,2078,2112
Wisconsin,Columbia County,1845,2167,2283,2546,2587
Wisconsin,Crawford County,1529,1796,1892,2110,2144
Wisconsin,Dane County,2234,2624,2765,3083,3133
Wisconsin,Dodge County,1681,1975,2081,2320,2358
Wisconsin,Door County,1801,2115,2229,2485,2525
Wisconsin,Douglas County,1609,1889,1991,2220,2256
Wisconsin,Dunn County,1694,1990,2097,2338,2376
Wisconsin,Eau Claire County,1740,2044,2154,2402,2440
Wisconsin,Florence County,1311,1540,1623,1810,1839
Wisconsin,Fond du Lac County,1635,1920,2023,2256,2292
Wisconsin,Forest County,1419,1666,1756,1958,1990
Wisconsin,Grant County,1628,1912,2015,2247,2283
Wisconsin,Green County,1796,2110,2223,2479,2519
Wisconsin,Green Lake County,1555,1827,1925,2146,2181
Wisconsin,Iowa County,1796,2110,2223,2479,2519
Wisconsin,Iron County,1330,1562,1646,1835,1865
Wisconsin,Jackson County,1593,1871,1972,2199,2234
Wisconsin,Jefferson County,1830,2149,2265,2525,2566
Wisconsin,Juneau County,1538,1807,1904,2123,2157
Wisconsin,Kenosha County,1800,2114,2228,2484,2524
Wisconsin,Kewaunee County,1585,1862,1962,2188,2223
Wisconsin,La Crosse County,1803,2117,2231,2488,2528
Wisconsin,Lafayette County,1659,1948,2053,2289,2326
Wisconsin,Langlade County,1328,1560,1644,1833,1863
Wisconsin,Lincoln County,1513,1777,1873,2088,2122
Wisconsin,Manitowoc County,1432,1682,1772,1976,2008
Wisconsin,Marathon County,1601,1880,1981,2209,2244
Wisconsin,Marinette County,1379,1620,1707,1903,1934
Wisconsin,Marquette County,1569,1843,1942,2165,2200
Wisconsin,Menominee County,1896,2227,2347,2617,2659
Wisconsin,Milwaukee County,1795,2108,2221,2476,2516
Wisconsin,Monroe County,1622,1905,2007,2238,2274
Wisconsin,Oconto County,1592,1870,1970,2197,2232
Wisconsin,Oneida County,1555,1826,1924,2145,2180
Wisconsin,Outagamie County,1750,2056,2166,2415,2454
Wisconsin,Ozaukee County,2140,2513,2648,2953,3000
Wisconsin,Pepin County,1616,1898,2000,2230,2266
Wisconsin,Pierce County,2061,2421,2551,2844,2890
Wisconsin,Polk County,1722,2022,2131,2376,2414
Wisconsin,Portage County,1685,1980,2086,2326,2363
Wisconsin,Price County,1421,1669,1759,1961,1993
Wisconsin,Racine County,1797,2111,2224,2480,2520
Wisconsin,Richland County,1534,1801,1898,2116,2150
Wisconsin,Rock County,1665,1956,2061,2298,2335
Wisconsin,Rusk County,1426,1675,1765,1968,2000
Wisconsin,St. Croix County,2053,2411,2541,2833,2879
Wisconsin,Sauk County,1758,2065,2176,2426,2465
Wisconsin,Sawyer County,1480,1739,1832,2043,2076
Wisconsin,Shawano County,1515,1779,1875,2091,2124
Wisconsin,Sheboygan County,1588,1865,1965,2191,2226
Wisconsin,Taylor County,1589,1867,1967,2193,2229
Wisconsin,Trempealeau County,1694,1990,2097,2338,2376
Wisconsin,Vernon County,1648,1935,2039,2273,2310
Wisconsin,Vilas County,1613,1894,1996,2226,2261
Wisconsin,Walworth County,1844,2166,2282,2544,2586
Wisconsin,Washburn County,1524,1790,1886,2103,2137
Wisconsin,Washington County,2004,2354,2480,2765,2810
Wisconsin,Waukesha County,2186,2568,2706,3017,3066
Wisconsin,Waupaca County,1589,1866,1966,2192,2227
Wisconsin,Waushara County,1538,1806,1903,2122,2156
Wisconsin,Winnebago County,1627,1911,2014,2246,2282
Wisconsin,Wood County,1488,1747,1841,2053,2086
Wyoming,Albany County,1822,2140,2255,2514,2555
Wyoming,Big Horn County,1463,1719,1811,2019,2052
Wyoming,Campbell County,1900,2231,2351,2621,2664
Wyoming,Carbon County,1568,1842,1941,2164,2199
Wyoming,Converse County,1794,2107,2220,2475,2515
Wyoming,Crook County,1845,2167,2283,2546,2587
Wyoming,Fremont County,1720,2020,2129,2374,2412
Wyoming,Goshen County,1462,1717,1809,2017,2050
Wyoming,Hot Springs County,1507,1770,1865,2079,2113
Wyoming,Johnson County,1595,1873,1974,2201,2237
Wyoming,Laramie County,1948,2288,2411,2688,2732
Wyoming,Lincoln County,1913,2247,2368,2640,2683
Wyoming,Natrona County,1740,2044,2154,2402,2440
Wyoming,Niobrara County,1729,2031,2140,2386,2425
Wyoming,Park County,1765,2073,2184,2435,2474
Wyoming,Platte County,1858,2182,2299,2563,2605
Wyoming,Sheridan County,1941,2279,2402,2678,2721
Wyoming,Sublette County,1917,2251,2372,2645,2687
Wyoming,Sweetwater County,1736,2039,2149,2396,2435
Wyoming,Teton County,3019,3545,3736,4166,4233
Wyoming,Uinta County,1612,1893,1995,2224,2260
Wyoming,Washakie County,1418,1665,1755,1957,1988
Wyoming,Weston County,1757,2064,2175,2425,2464
Puerto Rico,Adjuntas Municipio,941,1106,1165,1299,1320
Puerto Rico,Aguada Municipio,1114,1309,1379,1538,1562
Puerto Rico,Aguadilla Municipio,1113,1308,1378,1536,1561
Puerto Rico,Aguas Buenas Municipio,1138,1336,1408,1570,1595
Puerto Rico,Aibonito Municipio,1058,1242,1309,1460,1483
Puerto Rico,Añasco Municipio,1055,1239,1306,1456,1480
Puerto Rico,Arecibo Municipio,1022,1200,1265,1410,1433
Puerto Rico,Arroyo Municipio,873,1025,1080,1204,1224
Puerto Rico,Barceloneta Municipio,1024,1202,1267,1413,1436
Puerto Rico,Barranquitas Municipio,1054,1238,1305,1455,1479
Puerto Rico,Bayamón Municipio,1170,1374,1448,1615,1641
Puerto Rico,Cabo Rojo Municipio,1014,1191,1255,1399,1422
Puerto Rico,Caguas Municipio,1223,1437,1514,1688,1715
Puerto Rico,Camuy Municipio,1031,1211,1276,1423,1446
Puerto Rico,Canóvanas Municipio,1182,1388,1463,1631,1658
Puerto Rico,Carolina Municipio,1279,1502,1583,1765,1794
Puerto Rico,Cataño Municipio,1275,1498,1578,1759,1788
Puerto Rico,Cayey Municipio,1134,1332,1404,1565,1591
Puerto Rico,Ceiba Municipio,995,1169,1232,1374,1396
Puerto Rico,Ciales Municipio,992,1165,1228,1369,1391
Puerto Rico,Cidra Municipio,1135,1333,1405,1567,1592
Puerto Rico,Coamo Municipio,1053,1237,1303,1453,1476
Puerto Rico,Comerío Municipio,1044,1226,1292,1441,1464
Puerto Rico,Corozal Municipio,1069,1256,1323,1475,1499
Puerto Rico,Culebra Municipio,1412,1659,1748,1949,1980
Puerto Rico,Dorado Municipio,1511,1775,1870,2085,2119
Puerto Rico,Fajardo Municipio,1033,1214,1279,1426,1449
Puerto Rico,Florida Municipio,935,1098,1157,1290,1311
Puerto Rico,Guánica Municipio,912,1071,1129,1259,1279
Puerto Rico,Guayama Municipio,974,1144,1206,1345,1366
Puerto Rico,Guayanilla Municipio,1009,1185,1249,1393,1415
Puerto Rico,Guaynabo Municipio,1628,1912,2015,2247,2283
Puerto Rico,Gurabo Municipio,1315,1545,1628,1815,1845
Puerto Rico,Hatillo Municipio,1099,1291,1360,1516,1541
Puerto Rico,Hormigueros Municipio,1009,1185,1249,1393,1415
Puerto Rico,Humacao Municipio,1092,1282,1351,1506,1531
Puerto Rico,Isabela Municipio,1063,1249,1316,1467,1491
Puerto Rico,Jayuya Municipio,920,1080,1138,1269,1289
Puerto Rico,Juana Díaz Municipio,1096,1288,1357,1513,1537
Puerto Rico,Juncos Municipio,1052,1236,1302,1452,1475
Puerto Rico,Lajas Municipio,941,1105,1164,1298,1319
Puerto Rico,Lares Municipio,941,1106,1165,1299,1320
Puerto Rico,Las Marías Municipio,887,1042,1098,1224,1244
Puerto Rico,Las Piedras Municipio,1046,1228,1294,1443,1466
Puerto Rico,Loíza Municipio,1058,1243,1310,1461,1484
Puerto Rico,Luquillo Municipio,1071,1258,1326,1478,1502
Puerto Rico,Manatí Municipio,1104,1296,1366,1523,1548
Puerto Rico,Maricao Municipio,840,986,1039,1158,1177
Puerto Rico,Maunabo Municipio,898,1055,1112,1240,1260
Puerto Rico,Mayagüez Municipio,1096,1288,1357,1513,1537
Puerto Rico,Moca Municipio,1016,1194,1258,1403,1425
Puerto Rico,Morovis Municipio,1012,1189,1253,1397,1420
Puerto Rico,Naguabo Municipio,936,1100,1159,1292,1313
Puerto Rico,Naranjito Municipio,998,1172,1235,1377,1399
Puerto Rico,Orocovis Municipio,1061,1246,1313,1464,1488
Puerto Rico,Patillas Municipio,1009,1185,1249,1393,1415
Puerto Rico,Peñuelas Municipio,1016,1193,1257,1402,1424
Puerto Rico,Ponce Municipio,1054,1237,1304,1454,1477
Puerto Rico,Quebradillas Municipio,1054,1238,1305,1455,1479
Puerto Rico,Rincón Municipio,1093,1284,1353,1509,1533
Puerto Rico,Río Grande Municipio,1091,1281,1350,1505,1530
Puerto Rico,Sabana Grande Municipio,956,1123,1183,1319,1340
Puerto Rico,Salinas Municipio,1010,1186,1250,1394,1416
Puerto Rico,San Germán Municipio,1042,1223,1289,1437,1460
Puerto Rico,San Juan Municipio,1344,1578,1663,1854,1884
Puerto Rico,San Lorenzo Municipio,1171,1375,1449,1616,1642
Puerto Rico,San Sebastián Municipio,969,1138,1199,1337,1358
Puerto Rico,Santa Isabel Municipio,1085,1275,1343,1497,1522
Puerto Rico,Toa Alta Municipio,1336,1569,1653,1843,1873
Puerto Rico,Toa Baja Municipio,1158,1360,1433,1598,1624
Puerto Rico,Trujillo Alto Municipio,1311,1540,1623,1810,1839
Puerto Rico,Utuado Municipio,952,1118,1178,1313,1335
Puerto Rico,Vega Alta Municipio,1222,1435,1512,1686,1713
Puerto Rico,Vega Baja Municipio,1074,1261,1329,1482,1506
Puerto Rico,Vieques Municipio,1105,1298,1368,1525,1550
Puerto Rico,Villalba Municipio,1010,1186,1250,1394,1416
Puerto Rico,Yabucoa Municipio,960,1127,1188,1325,1346
Puerto Rico,Yauco Municipio,1012,1189,1253,1397,1420
